,id,localizerSaliency,beeID,xpos,ypos,camID,zrotation,timestamp,frameIdx,confidence,bee_id
0,f12216158499295016399d0c0,0.563833475112915,"[3.632903e-05, 0.0013966262, 0.99999964, 3.877282e-05, 0.00038412213, 0.013422966, 0.0028657913, 2.7298927e-05, 0.95276576, 8.34465e-06, 0.9999987, 0.0073339343]",612.1553888320923,263.9402313232422,0,0.006421167,0.0,0,0.8600531,2592
1,f12216158499295016399d1c0,0.6977327466011047,"[0.99929976, 0.9999989, 3.6984682e-05, 0.9999635, 0.9999906, 0.9999988, 0.1754787, 1.2487173e-05, 0.99999714, 0.9999995, 1.0, 0.0012613535]",487.1945743560791,151.17595672607422,0,-0.32866216,0.0,0,0.646368,1756
0,f10461665648433104743d0c0,0.7258180379867554,"[6.854534e-07, 1.0, 0.9998294, 0.99996674, 1.1920929e-07, 7.1525574e-07, 0.0012086928, 0.00031417608, 2.0861626e-07, 1.4901161e-07, 1.0, 3.9339066e-06]",661.7434272766113,239.31886100769043,0,-0.26903492,0.3333333333333333,1,0.99653774,624
1,f10461665648433104743d1c0,0.6972662806510925,"[0.9971265, 0.9999994, 7.3224306e-05, 0.9996685, 1.0, 0.99999833, 0.0013691485, 1.4901161e-07, 0.9998423, 0.9999975, 0.9999989, 0.0029014945]",487.0471429824829,139.21900177001953,0,-0.22682753,0.3333333333333333,1,0.9846562,1756
0,f15300318239883702522d0c0,0.7193553447723389,"[2.682209e-07, 0.99999905, 0.99999475, 0.99999154, 8.940697e-08, 5.066395e-07, 9.2446804e-05, 5.662441e-07, 1.4901161e-07, 2.0861626e-07, 1.0, 7.4505806e-07]",724.7471551895142,226.1907081604004,0,-0.49010593,0.6666666666666666,2,0.9997807,624
1,f15300318239883702522d1c0,0.7090789675712585,"[0.99998987, 1.0, 1.0699034e-05, 0.99999917, 0.99999917, 0.99999785, 0.0001513958, 1.3411045e-06, 0.9999659, 0.9999989, 0.9999968, 0.0003348291]",500.2061004638672,126.70319747924805,0,-0.089560606,0.6666666666666666,2,0.9988991,1756
0,f13762902368529099415d0c0,0.7124841809272766,"[1.2069941e-05, 0.9948667, 0.9999981, 0.99993, 4.053116e-06, 1.0818243e-05, 0.0007981658, 2.7120113e-06, 5.9604645e-08, 1.1920929e-07, 0.9999989, 0.000819087]",775.0015926361084,188.8848648071289,0,-0.57318085,1.0,3,0.9863319,624
1,f13762902368529099415d1c0,0.6816163659095764,"[0.9999969, 0.99999964, 3.567338e-05, 0.99996793, 0.99999595, 0.9999857, 0.0001861155, 6.2584877e-07, 0.9998042, 0.99999857, 0.9999862, 0.004314244]",512.2993316650391,101.8095760345459,0,-0.3498644,1.0,3,0.9904055,1756
0,f11084817539723472500d0c0,0.6518322229385376,"[3.3676624e-06, 0.9943322, 0.99999845, 0.6520163, 1.1980534e-05, 1.3560057e-05, 0.006217897, 4.848838e-05, 1.975894e-05, 0.20851904, 0.99999845, 0.0009420514]",826.0508251190186,138.7610206604004,0,-0.4171199,1.3333333333333333,4,0.17269047,624
1,f11084817539723472500d1c0,0.688755989074707,"[0.9999379, 0.99999785, 8.9496374e-05, 0.99999905, 0.9999994, 0.999828, 3.1292439e-06, 6.854534e-07, 0.99999416, 1.0, 0.9997917, 0.43944216]",525.6907501220703,125.97198295593262,0,-0.5915977,1.3333333333333333,4,0.120983645,1756
0,f17362888790915122155d0c0,0.6744658350944519,"[6.735325e-06, 0.9999951, 0.99982053, 0.9988543, 1.180172e-05, 1.7881393e-06, 0.006632954, 2.3663044e-05, 5.4836273e-06, 2.7924776e-05, 0.9999697, 4.917383e-06]",875.2944755554199,151.3012809753418,0,-0.4352022,1.6666666666666667,5,0.9838885,624
1,f17362888790915122155d1c0,0.681267261505127,"[0.9999857, 0.9999994, 2.7954578e-05, 0.99999857, 0.999998, 0.9975321, 5.993247e-05, 5.6028366e-06, 0.9999865, 0.9999958, 0.9998047, 0.010664374]",538.2511119842529,113.9447135925293,0,-0.34036955,1.6666666666666667,5,0.97320825,1756
0,f14808871799917297300d0c0,0.6775948405265808,"[4.4703484e-06, 1.0, 0.99997866, 0.9884213, 5.8710575e-06, 4.6789646e-06, 0.0003286004, 3.361702e-05, 5.9604645e-07, 2.9206276e-06, 0.9999869, 1.0728836e-06]",925.4752750396729,126.64386940002441,0,-0.23759805,2.0,6,0.9760295,624
1,f14808871799917297300d1c0,0.6528125405311584,"[0.999998, 0.9999994, 0.000103116035, 0.9999982, 0.99999905, 0.9972102, 0.0002925396, 8.940697e-06, 0.99997425, 0.99252856, 0.9999865, 0.0005594492]",550.9408416748047,113.96292304992676,0,-0.22715034,2.0,6,0.9775861,1756
1,f15320033379955127261d1c0,0.6713678240776062,"[0.9999417, 0.99999964, 7.3611736e-06, 0.99996614, 0.9999937, 0.9999995, 7.43866e-05, 2.0861626e-07, 0.9999845, 0.99999654, 1.0, 0.00032123923]",587.9295921325684,113.94328308105469,0,-0.5069073,2.3333333333333335,7,0.9989574,1756
0,f15320033379955127261d0c0,0.6558558940887451,"[0.000723511, 1.0, 0.99999845, 0.9332943, 1.8388033e-05, 2.2351742e-06, 0.0036286414, 3.8146973e-05, 1.758337e-06, 0.035383433, 0.9965611, 9.030104e-06]",976.2540130615234,138.93648529052734,0,0.28255618,2.3333333333333335,7,0.792659,624
0,f16672681218172061953d0c0,0.6409578919410706,"[0.00011858344, 1.0, 0.9999821, 0.997769, 6.2286854e-06, 7.1525574e-07, 0.0023036003, 3.695488e-06, 3.2484531e-06, 0.0021817088, 0.9995365, 5.1259995e-06]",1000.5325050354004,151.65442085266113,0,0.14435889,2.6666666666666665,8,0.98540634,624
1,f16672681218172061953d1c0,0.6588185429573059,"[0.67988575, 0.984184, 0.012011081, 0.99712557, 0.9985825, 0.99054736, 0.09122068, 0.28926957, 0.9975642, 0.9992505, 0.5153757, 0.76907516]",601.8932514190674,126.74743270874023,0,-0.11964713,2.6666666666666665,8,0.0018739273,4060
0,f15019165896995000463d0c0,0.6811469793319702,"[0.9992539, 0.9998172, 0.0033424199, 0.99842644, 0.9999739, 0.99996877, 0.008415878, 0.0031495988, 0.9998791, 0.99964774, 0.9998423, 0.0025309622]",589.5683746337891,163.65928840637207,0,-0.1520707,3.0,9,0.9593839,1756
0,f13337337377066802435d0c0,0.7058081030845642,"[0.9999956, 1.0, 7.8082085e-06, 0.99999964, 0.9999989, 0.99999785, 8.1032515e-05, 3.9428473e-05, 0.99998224, 0.99946696, 0.9999987, 3.8951635e-05]",576.617259979248,138.81874656677246,0,0.120917015,3.3333333333333335,10,0.9985458,1756
1,f13337337377066802435d1c0,0.6231942176818848,"[3.287196e-05, 0.9999981, 0.9999714, 0.9908313, 7.4893236e-05, 3.951788e-05, 7.0005655e-05, 1.13248825e-05, 1.4007092e-06, 0.0033451915, 0.99999285, 1.40964985e-05]",1026.5577430725098,113.92494773864746,0,-0.089526296,3.3333333333333335,10,0.97454554,624
0,f15704284008065496817d0c0,0.7287129759788513,"[0.9999598, 1.0, 6.145239e-05, 1.0, 0.99999964, 1.0, 1.9818544e-05, 1.7881393e-07, 0.99908364, 1.0, 1.0, 0.00029951334]",601.0162773132324,126.80045509338379,0,0.20884196,3.6666666666666665,11,0.997326,1756
1,f14812046444819355388d1c0,0.5866180062294006,"[1.7940998e-05, 1.0, 0.99995387, 0.9989146, 1.1622906e-06, 1.2516975e-06, 0.0006032586, 2.503395e-06, 3.7252903e-06, 0.0015257597, 0.99995315, 1.2218952e-06]",999.8013763427734,138.9454402923584,0,-0.18333642,4.0,12,0.993344,624
0,f14812046444819355388d0c0,0.6998488903045654,"[0.95808905, 1.0, 4.4435263e-05, 0.9999707, 0.99999857, 1.0, 0.00017142296, 4.172325e-07, 0.998128, 0.99999607, 0.99999225, 0.012724757]",601.0264854431152,152.08721351623535,0,0.12476207,4.0,12,0.8890588,1756
0,f12425980324987430618d0c0,0.713822066783905,"[0.9999325, 0.99999845, 3.784895e-05, 0.9999831, 0.9999957, 0.99998283, 3.656745e-05, 5.1647425e-05, 0.999972, 0.9998646, 0.99998355, 0.0021395385]",601.7325019836426,164.06906700134277,0,0.2735413,4.333333333333333,13,0.9948979,1756
1,f12425980324987430618d1c0,0.6642694473266602,"[5.632639e-06, 1.0, 0.9999745, 0.99931705, 8.523464e-06, 1.9967556e-06, 0.011542171, 2.9444695e-05, 5.8740377e-05, 0.00045633316, 0.9999492, 3.2484531e-06]",999.961986541748,151.43720245361328,0,0.054918956,4.333333333333333,13,0.97433245,624
0,f13476681662763576895d0c0,0.6984861493110657,"[0.9999988, 0.9999993, 1.4960766e-05, 0.9999982, 1.0, 0.9999938, 8.8483095e-05, 2.861023e-06, 0.9999988, 0.99983144, 1.0, 5.030632e-05]",601.3451042175293,176.2502956390381,0,0.2682315,4.666666666666667,14,0.9993276,1756
1,f13476681662763576895d1c0,0.6413928270339966,"[1.6987324e-05, 1.0, 0.99995565, 0.99754226, 3.194809e-05, 1.0967255e-05, 0.018777639, 2.5868416e-05, 5.4836273e-06, 0.00019547343, 0.99996865, 3.8444996e-06]",1013.136962890625,163.5954647064209,0,0.31440863,4.666666666666667,14,0.9570125,624
0,f12281061654837114652d0c0,0.6273642778396606,"[0.00018808246, 1.0, 0.99998736, 0.9962579, 8.106232e-06, 2.9802322e-07, 0.011845976, 3.7550926e-06, 4.5895576e-06, 0.18206117, 0.9815155, 2.9206276e-05]",1012.717866897583,176.71243286132812,0,0.3135194,5.0,15,0.59309447,624
1,f12281061654837114652d1c0,0.7226060032844543,"[1.0, 1.0, 6.854534e-07, 1.0, 1.0, 0.9999969, 0.00018295646, 1.4334917e-05, 0.99999917, 0.9999974, 0.9999784, 7.420778e-05]",588.7211208343506,176.48175811767578,0,0.32633448,5.0,15,0.9993994,1756
0,f10284176889444182303d0c0,0.640524685382843,"[3.4719706e-05, 1.0, 0.9999871, 0.99989915, 1.50203705e-05, 1.0728836e-06, 0.0031203926, 1.9669533e-06, 2.3752451e-05, 0.016008794, 0.99911433, 9.059906e-06]",1012.8046188354492,176.73802185058594,0,0.3334426,5.333333333333333,16,0.95985466,624
1,f10284176889444182303d1c0,0.7003328204154968,"[1.0, 1.0, 2.026558e-06, 1.0, 1.0, 0.9999962, 6.213784e-05, 1.013279e-06, 0.9999981, 0.99999964, 0.99999905, 5.543232e-06]",575.9951171875,176.55216789245605,0,0.40112978,5.333333333333333,16,0.9998445,1756
1,f18275680513871731873d1c0,0.637111485004425,"[1.3738871e-05, 1.0, 0.999984, 0.9953009, 8.34465e-06, 8.34465e-07, 0.023473859, 3.8444996e-06, 1.1950731e-05, 0.00020200014, 0.9998399, 1.2516975e-06]",999.8823909759521,164.06882286071777,0,0.1399113,5.666666666666667,17,0.9433061,624
0,f18275680513871731873d0c0,0.7058051228523254,"[0.9999993, 1.0, 6.943941e-06, 0.99999404, 0.9999993, 0.99999964, 0.00075021386, 1.2516975e-06, 0.9999969, 0.9999995, 0.9999994, 8.5264444e-05]",625.3734531402588,189.43959999084473,0,0.3175428,5.666666666666667,17,0.9982891,1756
0,f13791390853787965448d0c0,0.7177228927612305,"[0.9991166, 0.99999964, 0.00017648935, 0.9999957, 1.0, 1.0, 0.012945443, 1.7881393e-07, 0.9999498, 1.0, 1.0, 0.0003453195]",661.9482746124268,201.9635124206543,0,0.29560348,6.0,18,0.97126657,1756
1,f13791390853787965448d1c0,0.5963765978813171,"[6.556511e-07, 1.0, 0.9999354, 0.9993795, 8.940697e-08, 3.516674e-06, 0.00076314807, 1.6391277e-06, 1.1026859e-06, 6.854534e-07, 0.99999666, 1.4901161e-07]",1012.2933559417725,138.70577239990234,0,-0.14681484,6.0,18,0.9970834,624
0,f10603499538739037245d0c0,0.7137599587440491,"[0.998793, 0.99999964, 3.874302e-07, 0.9999399, 1.0, 1.0, 0.01014328, 3.0994415e-06, 0.9998288, 0.9999957, 0.9999988, 0.041363776]",686.0161476135254,215.14794921875,0,0.5525994,6.333333333333333,19,0.89606345,1756
1,f10603499538739037245d1c0,0.5959199070930481,"[5.3942204e-06, 1.0, 0.9997112, 0.9997414, 4.142523e-06, 5.811453e-06, 0.0005300939, 1.1324883e-06, 6.556511e-06, 8.285046e-06, 0.99999833, 1.5497208e-06]",999.4217643737793,139.5887680053711,0,-0.05987405,6.333333333333333,19,0.99777746,624
0,f16391742335233902529d0c0,0.6248294115066528,"[0.98481846, 0.9999988, 0.58979094, 0.99999547, 1.0, 0.99999857, 1.3709068e-06, 2.3841858e-07, 0.9999993, 1.0, 0.99999833, 0.007914156]",726.3071994781494,263.74957275390625,0,0.65907234,6.666666666666667,20,0.17136922,3836
0,f12753981083887675837d0c0,0.6599966287612915,"[3.0994415e-06, 1.0, 0.9999324, 0.99905056, 5.7846308e-05, 6.377697e-06, 0.001062274, 4.9591064e-05, 1.8388033e-05, 4.4226646e-05, 0.99999845, 3.2782555e-07]",987.61155128479,138.9935531616211,0,-0.19088131,7.0,21,0.9954847,624
0,f13855386822318641233d0c0,0.6807184219360352,"[4.1127205e-05, 1.0, 0.9999982, 0.95366144, 6.261468e-05, 1.6987324e-06, 0.0013139248, 2.5331974e-06, 1.7881393e-07, 0.0015610754, 0.99961394, 2.592802e-06]",1014.0860843658447,163.7335662841797,0,0.34470767,7.333333333333333,22,0.9012139,624
1,f16234814773103265734d1c0,0.6580941677093506,"[0.0036273003, 1.0, 0.9999558, 0.99931777, 9.715557e-06, 3.1292439e-06, 0.0011160374, 3.33786e-06, 1.4662743e-05, 0.003822118, 0.9849326, 9.953976e-06]",1012.2128858566284,201.83610153198242,0,0.49530184,7.666666666666667,23,0.9518738,624
0,f16234814773103265734d0c0,0.714381754398346,"[0.9836537, 0.99999654, 9.655952e-06, 0.99955577, 0.99999964, 1.0, 0.0019215047, 3.427267e-06, 0.99525625, 0.99999964, 0.9999945, 0.0034117699]",786.2180862426758,239.57133674621582,0,0.41396838,7.666666666666667,23,0.9470501,1756
0,f11995718727937557124d0c0,0.6496981382369995,"[0.018364817, 1.0, 0.9999654, 0.9953277, 5.1259995e-06, 7.95722e-06, 0.00023531914, 1.9311905e-05, 6.222725e-05, 2.8043985e-05, 0.98547727, 3.59118e-05]",1037.5477981567383,239.42237281799316,0,0.7616519,8.0,24,0.9257581,624
1,f11995718727937557124d1c0,0.7189385294914246,"[0.00025957823, 0.99999344, 8.407235e-05, 0.970266, 1.0, 0.9999871, 0.9595138, 2.9802322e-08, 0.9981996, 0.99999964, 0.9999938, 0.99969566]",824.5441951751709,214.50880432128906,0,-0.18752612,8.0,24,0.8601018,3934
0,f18047549188414112906d0c0,0.652134895324707,"[0.3219828, 1.0, 0.999925, 0.9999298, 1.9073486e-06, 1.4603138e-06, 0.0014244318, 2.592802e-06, 4.082918e-06, 0.0004605353, 0.9961265, 6.696582e-05]",1050.8052978515625,239.59967803955078,0,0.6553975,8.333333333333334,25,0.35178888,624
1,f18047549188414112906d1c0,0.7108548879623413,"[0.012989908, 0.99999225, 8.7976456e-05, 0.9959443, 0.9999993, 0.9999993, 0.014007807, 0.0072329044, 0.9988819, 1.0, 0.99998677, 0.99859613]",874.1745014190674,176.80370330810547,0,0.028199252,8.333333333333334,25,0.9206035,1884
0,f12011383730953098756d0c0,0.6508619785308838,"[0.0019602478, 0.99999297, 0.9999833, 0.97139263, 6.780028e-05, 1.6093254e-06, 0.0010505617, 6.431341e-05, 1.642108e-05, 0.8256936, 0.97287977, 0.00040385127]",1076.891544342041,214.28217697143555,0,0.36362824,8.666666666666666,26,0.5766488,3696
1,f12011383730953098756d1c0,0.7151675820350647,"[0.99050057, 0.9999918, 2.682209e-06, 0.99985874, 0.9999049, 1.0, 0.000954926, 0.1370095, 0.9982324, 0.99999833, 0.9999888, 0.005956739]",886.8472766876221,177.0798397064209,0,-0.10838358,8.666666666666666,26,0.6995125,1756
2,f15554798149699398911d2c0,0.6761725544929504,"[0.46280873, 0.9999654, 0.000708729, 0.9898162, 0.9999789, 0.99999917, 0.55954117, 0.01926735, 0.99645644, 0.9999994, 0.99999785, 0.5046717]",912.4584083557129,138.5961208343506,0,-0.5762915,9.0,27,7.727928e-05,3934
1,f15554798149699398911d1c0,0.6878814101219177,"[0.00039672852, 0.9999974, 0.9997824, 0.9941532, 0.00023403764, 0.00011745095, 0.0038520098, 6.517768e-05, 2.321601e-05, 0.0002233386, 0.99995434, 0.00015422702]",1126.6295909881592,201.39332962036133,0,0.106817916,9.0,27,0.97779304,624
0,f15554798149699398911d0c0,0.5915250778198242,"[0.56730705, 0.8643298, 0.88349795, 0.8215269, 0.8561415, 0.7589941, 0.66838235, 0.8994824, 0.9202027, 0.9482551, 0.9706909, 0.97382134]",1062.297327041626,264.10001945495605,0,0.4753181,9.0,27,0.0032280243,2047
0,f12335977123391354328d0c0,0.6596348285675049,"[0.018485755, 0.99999845, 0.9998921, 0.9969938, 1.1891127e-05, 5.364418e-06, 0.0010735989, 0.00018107891, 5.3346157e-06, 0.0040664077, 0.8860021, 0.0001962781]",1188.617416381836,226.7715606689453,0,0.15124594,9.333333333333334,28,0.7306633,624
1,f12335977123391354328d1c0,0.5560906529426575,"[0.9742187, 0.99954396, 0.00991264, 0.99973196, 0.9999417, 0.9997981, 0.00074750185, 0.005882144, 0.9956108, 0.99948776, 0.44121435, 0.60997933]",937.0290946960449,101.80106163024902,0,-0.39866102,9.333333333333334,28,0.023444217,1500
0,f9871860311605702021d0c0,0.6909899711608887,"[7.5906515e-05, 0.99999857, 0.99578, 0.9983228, 0.00015231967, 0.0007145405, 0.011614293, 3.7252903e-06, 1.1920929e-07, 4.2021275e-06, 0.9997658, 9.5665455e-06]",1250.2512607574463,252.06695747375488,0,-0.04308568,9.666666666666666,29,0.96297127,624
1,f9871860311605702021d1c0,0.5563920736312866,"[0.92898715, 0.9999969, 0.0008918643, 0.9973853, 0.99999857, 0.9999993, 0.9739909, 4.068017e-05, 0.9993056, 1.0, 0.9999989, 0.4117759]",950.2290306091309,126.38693809509277,0,-0.6355303,9.666666666666666,29,0.1422967,3806
0,f9343107513611756696d0c0,0.6919494271278381,"[0.0013603568, 0.99999714, 0.99960023, 0.21761781, 0.002339244, 0.00019600987, 0.00016871095, 4.8577785e-06, 5.9604645e-07, 1.4603138e-06, 0.9954124, 1.1265278e-05]",1299.9268493652344,265.25404357910156,0,0.037132334,10.0,30,0.55457705,2656
1,f9343107513611756696d1c0,0.676018476486206,"[0.89679724, 0.9999987, 0.0020880997, 0.9979943, 0.99999917, 0.9999975, 0.94706386, 5.066395e-06, 0.9944794, 0.9999964, 0.99998856, 0.9121568]",999.9569797515869,139.28224754333496,0,-0.47962302,10.0,30,0.57369924,2014
0,f11563033568565395092d0c0,0.6892749071121216,"[0.01176852, 0.9999238, 0.981398, 0.97788334, 0.0001848638, 5.683303e-05, 0.00059974194, 1.4692545e-05, 6.2584877e-07, 5.8054924e-05, 0.99066585, 0.00037559867]",1350.6432437896729,251.99070167541504,0,-0.19845048,10.333333333333334,31,0.8793672,624
1,f11563033568565395092d1c0,0.6335719227790833,"[0.87965333, 0.914993, 0.92935526, 0.77706206, 0.7922995, 0.9376354, 0.9760467, 0.89943767, 0.88732237, 0.88188314, 0.7342805, 0.883465]",1074.733338356018,88.58935546875,0,-1.859315,10.333333333333334,31,0.024813376,2047
0,f18412100339080584888d0c0,0.5822760462760925,"[0.41192123, 0.609461, 0.5113549, 0.8051134, 0.15425646, 0.0065071285, 0.0077911913, 0.0035983026, 0.051363766, 0.07116774, 0.33523187, 0.5252545]",1374.37824344635,239.79775047302246,0,-0.28618866,10.666666666666666,32,4.566119e-06,368
0,f12778703607629378064d0c0,0.6501986384391785,"[0.3129358, 0.7226276, 0.63883364, 0.94450843, 0.005571246, 0.0059545636, 0.001989305, 0.0009019375, 0.14315051, 0.24191797, 0.47787935, 0.46147737]",1374.4003238677979,252.47787475585938,0,-0.10107587,11.333333333333334,34,5.015985e-05,2160
1,f12778703607629378064d1c0,0.6461281776428223,"[0.022511452, 0.9997379, 3.4719706e-05, 0.989394, 0.99999785, 0.99999917, 0.7396866, 1.5825033e-05, 0.99734384, 0.9999975, 0.9999876, 0.41425645]",1175.0605640411377,102.59420013427734,0,-0.20105037,11.333333333333334,34,0.07638118,1630
0,f18088730622012612327d0c0,0.5679672360420227,"[0.031787395, 0.90453845, 0.69568765, 0.021806061, 0.002559185, 0.0055823326, 0.0049411952, 0.0016413927, 0.010246962, 0.05425948, 0.50260067, 0.33580923]",1374.986701965332,277.47999000549316,0,0.1825296,11.666666666666666,35,0.00041063663,2656
1,f18088730622012612327d1c0,0.6779228448867798,"[0.9613779, 0.9993563, 0.06522277, 0.99930656, 0.9999987, 0.99999833, 0.08514011, 3.0130148e-05, 0.97528195, 0.9999186, 0.99963105, 0.039292514]",1188.2840118408203,127.11543083190918,0,-0.17230101,11.666666666666666,35,0.58099097,1756
1,f11954252883199736033d1c0,0.6702523827552795,"[0.9910409, 0.9997969, 0.6540224, 0.98652285, 0.9999982, 0.9999951, 0.3660397, 0.00016751885, 0.9086738, 0.9957676, 0.94865125, 0.019817322]",1200.5512504577637,139.92540550231934,0,0.030701214,12.0,36,0.055038102,3836
0,f11954252883199736033d0c0,0.6126760840415955,"[0.5982115, 0.9483617, 0.99223083, 0.92476624, 0.5687161, 0.57383657, 0.0068074465, 0.014348626, 0.067296624, 0.92062116, 0.9120593, 0.8034355]",1350.9807090759277,276.1617069244385,0,1.1819036,12.0,36,0.0010429138,4092
1,f11649995985061112812d1c0,0.6631028652191162,"[0.99990785, 0.99997663, 0.15535283, 0.99992466, 0.99999857, 0.9999794, 0.21566504, 0.0020249188, 0.28683457, 0.9995061, 0.94338596, 0.009976]",1199.1323671340942,190.57986450195312,0,0.5733802,12.333333333333334,37,0.14444232,3804
0,f11649995985061112812d0c0,0.6810236573219299,"[0.02953595, 0.99993074, 0.99913424, 0.9504958, 0.039371133, 0.0036036372, 0.0010374784, 4.1604042e-05, 3.0636787e-05, 0.0015363395, 0.5799369, 0.0008123815]",1351.1017379760742,252.44638442993164,0,0.20132059,12.333333333333334,37,0.122877955,624
0,f17392880350557231382d0c0,0.684933602809906,"[0.1927883, 0.9986998, 0.99407154, 0.861654, 0.00092995167, 0.0013535619, 0.00013297796, 0.00035628676, 3.5703182e-05, 0.0031935275, 0.69535273, 0.0053532124]",1350.6961574554443,239.9591293334961,0,-0.2073136,12.666666666666666,38,0.16727461,624
1,f17392880350557231382d1c0,0.6060042381286621,"[0.9999814, 0.9999647, 0.00078073144, 0.99999034, 0.9999939, 0.99939215, 0.00017601252, 0.0007338524, 0.9580758, 0.99870014, 0.6538583, 0.02359131]",1200.5055847167969,215.04238319396973,0,0.86898965,12.666666666666666,38,0.26664856,1756
0,f18171085886717967217d0c0,0.6333057284355164,"[0.9723538, 0.6904072, 0.9894238, 0.9999151, 0.999954, 0.99829584, 0.9477672, 0.93481207, 0.97931755, 0.99996066, 0.99955744, 0.9997017]",1200.9753303527832,264.59712982177734,0,2.3054228,13.0,39,0.26152825,2047
1,f18171085886717967217d1c0,0.6888295412063599,"[0.24057096, 0.83892614, 0.6885513, 0.9711584, 0.0019984245, 0.00153023, 0.00050246716, 0.0005056262, 0.004183769, 0.040111423, 0.4519283, 0.2623373]",1362.0150060653687,227.36937713623047,0,-0.2829261,13.0,39,0.005162232,2160
0,f11586976310257926203d0c0,0.5915761590003967,"[0.2698945, 0.0013841987, 0.2610333, 0.03889689, 0.9981012, 0.9998672, 0.99981254, 0.6722462, 0.010385752, 0.9990889, 0.81792367, 0.9887765]",1275.0298976898193,264.17591094970703,0,0.23384124,13.666666666666666,41,0.04214854,3855
0,f11481443221871928868d0c0,0.5832432508468628,"[0.63287383, 0.99995863, 6.377697e-06, 0.9883901, 0.9996221, 0.999777, 0.00018268824, 0.0005122423, 0.9993199, 0.9980673, 0.9999479, 0.9999695]",1188.3065032958984,264.91712188720703,0,1.6481224,14.0,42,0.25748628,4060
1,f11481443221871928868d1c0,0.6617132425308228,"[0.43560013, 0.66861784, 0.9918773, 0.028271288, 0.0010370612, 5.26309e-05, 0.00044497848, 0.09820607, 0.30646193, 0.9895421, 0.8214336, 0.043441057]",1349.646011352539,126.08010292053223,0,-1.097167,14.0,42,0.007184911,1632
0,f17859081013807250476d0c0,0.6753258109092712,"[0.673658, 0.96849334, 0.9811429, 0.4868041, 0.037332237, 0.0013458133, 0.00030857325, 0.094684094, 0.115618855, 0.8720544, 0.71559066, 0.032347918]",1312.3222904205322,113.65679931640625,0,-1.7668657,14.333333333333334,43,0.0014254662,3808
0,f15818524778292884240d0c0,0.6711097955703735,"[0.06122008, 0.98229814, 0.9847503, 0.49684736, 0.41754064, 0.015794694, 0.00010162592, 0.0076957047, 0.48712, 0.85997367, 0.9944502, 0.14696953]",1274.6005725860596,126.07693099975586,0,-2.2711878,14.666666666666666,44,1.0534664e-05,1632
0,f12128653442383225916d0c0,0.5990310907363892,"[0.38167378, 0.5473202, 0.2765785, 0.5590465, 0.29252765, 0.7991871, 0.32849085, 0.34145156, 0.3852173, 0.6537708, 0.5961355, 0.67510813]",1239.9919548034668,275.7215118408203,0,1.4054049,15.0,45,1.5173975e-07,1876
1,f12128653442383225916d1c0,0.7002284526824951,"[0.029485315, 0.9971437, 0.9992048, 0.98052096, 0.06316656, 0.0004799366, 1.8447638e-05, 0.0020428002, 0.13423932, 0.25965366, 0.99959975, 0.0002901554]",1262.389684677124,125.90437507629395,0,-2.4069743,15.0,45,0.27402842,624
0,f16124941851802079710d0c0,0.5618418455123901,"[0.31935146, 0.25293016, 0.13837099, 0.036761373, 0.39377046, 0.3318706, 0.37610972, 0.07479432, 0.7492176, 0.9174566, 0.3778429, 0.63065183]",1299.087459564209,213.94648551940918,0,-0.9011936,15.333333333333334,46,4.7844474e-05,3328
1,f16124941851802079710d1c0,0.740091860294342,"[0.0031200945, 0.99996305, 0.99996555, 0.9921524, 0.0030114949, 0.00074988604, 2.6643276e-05, 0.00079482794, 0.00014811754, 0.0020062327, 0.99990857, 6.893277e-05]",1249.3541822433472,125.50414276123047,0,-2.656368,15.333333333333334,46,0.96459585,624
0,f12853298319919917449d0c0,0.7144361138343811,"[0.0005313754, 0.99999225, 0.99999845, 0.9995454, 0.0006749928, 0.0005904734, 3.951788e-05, 0.00012847781, 0.00016364455, 1.8835068e-05, 0.9999893, 9.2327595e-05]",1236.5269145965576,125.17098236083984,0,-2.9323254,15.666666666666666,47,0.9945834,624
1,f16779017819656704411d1c0,0.6521244645118713,"[6.6161156e-06, 0.99999833, 0.9999995, 0.99994886, 6.0617924e-05, 0.00012627244, 1.1622906e-06, 9.030104e-05, 5.722046e-06, 2.9802322e-08, 0.99999905, 3.1888485e-06]",1224.6929244995117,125.39303970336914,0,-3.1166167,16.0,48,0.9993039,624
0,f16779017819656704411d0c0,0.6309174299240112,"[0.66143477, 0.996046, 0.7513538, 0.6951622, 0.999984, 0.99990773, 0.050130785, 0.013635129, 0.19735032, 0.6857129, 0.8663873, 0.12370172]",1286.7815074920654,266.18690490722656,0,0.5481948,16.0,48,0.0068188235,1788
0,f9403230710237084001d0c0,0.5937542915344238,"[0.8599497, 0.57446694, 0.5926578, 0.6765391, 0.99822134, 0.99389875, 0.10827628, 0.2342385, 0.44494203, 0.4457723, 0.40282622, 0.65357053]",1299.1468324661255,266.198917388916,0,0.57427645,16.333333333333332,49,2.049835e-06,2556
1,f9403230710237084001d1c0,0.6681836843490601,"[0.5715743, 0.55231386, 0.37696418, 0.22221524, 0.56678367, 0.49789378, 0.6620456, 0.7556984, 0.42445707, 0.19596326, 0.40425786, 0.7621028]",1249.6905813217163,151.82063674926758,0,-0.46650478,16.333333333333332,49,1.7607894e-09,459
2,f9403230710237084001d2c0,0.5611201524734497,"[0.6157678, 0.8283375, 0.6054054, 0.6299884, 0.44976893, 0.8428427, 0.8733198, 0.8906761, 0.6697203, 0.49995905, 0.5591545, 0.6004975]",327.49072074890137,125.32478904724121,0,1.9244993,16.333333333333332,49,2.2136769e-10,1015
3,f9403230710237084001d3c0,0.7219814658164978,"[0.9948664, 0.9998609, 0.9999709, 0.82601756, 0.009245127, 0.0015257895, 1.0669231e-05, 0.00046098232, 0.00066649914, 0.017175615, 0.9745565, 0.005230695]",1174.287278175354,100.49336242675781,0,-3.140084,16.333333333333332,49,0.5712035,2800
0,f12040178904047776764d0c0,0.6536663770675659,"[0.4504386, 0.38744017, 0.89751464, 0.8536263, 0.9989022, 0.9998294, 0.9662679, 0.23703778, 0.23023456, 0.4547074, 0.71886975, 0.53924924]",1313.1593952178955,226.9677677154541,0,0.41537946,16.666666666666668,50,1.0308163e-05,2878
1,f12040178904047776764d1c0,0.621658205986023,"[0.43575296, 0.942673, 0.98240167, 0.91869867, 0.00857392, 0.7386959, 0.996838, 0.006432861, 0.032161236, 0.9891663, 0.06377941, 0.025655061]",1163.3133850097656,90.22196960449219,0,0.2937728,16.666666666666668,50,0.032049697,1142
1,f16785547190189040951d1c0,0.695019006729126,"[0.00031277537, 0.9999949, 0.9999989, 0.39901814, 0.010079145, 0.00027564168, 3.874302e-07, 0.00015687943, 0.00012540817, 0.0002924204, 0.999974, 4.887581e-06]",1124.843614578247,100.39734268188477,0,-3.094996,17.0,51,0.19741775,2656
0,f16785547190189040951d0c0,0.6003394722938538,"[0.5533396, 0.53649694, 0.47175246, 0.04464525, 0.9889581, 0.9960884, 0.9986143, 0.7700519, 0.19734713, 0.41230333, 0.42503688, 0.52335334]",1299.4477233886719,189.90112686157227,0,-0.3375712,17.0,51,1.5565527e-07,2511
0,f13606353965992712420d0c0,0.6616469621658325,"[0.81959385, 0.8504583, 0.5042755, 0.8240621, 0.9988887, 0.99973875, 0.58085597, 0.3830711, 0.31606963, 0.1984961, 0.8857617, 0.28089756]",1298.7622756958008,190.76255226135254,0,0.13572198,17.333333333333332,52,7.022687e-06,766
1,f13606353965992712420d1c0,0.6163600087165833,"[0.0013720095, 0.9999938, 0.9998481, 0.99993277, 0.9996741, 0.01180625, 1.1533499e-05, 4.0352345e-05, 5.570054e-05, 0.0771797, 0.9993767, 9.864569e-06]",1100.1332607269287,124.67705726623535,0,2.7456086,17.333333333333332,52,0.8212815,2680
0,f17091993132621954122d0c0,0.6147675514221191,"[0.802383, 0.63696647, 0.5065817, 0.74327224, 0.9527558, 0.92048275, 0.6186706, 0.83062243, 0.8944677, 0.39981323, 0.4657054, 0.4634075]",1286.3658895492554,165.08770179748535,0,0.021314556,17.666666666666668,53,1.006216e-07,2303
1,f17091993132621954122d1c0,0.6893689036369324,"[0.00019016862, 0.99999166, 0.99997926, 0.9977822, 0.0029279292, 0.026108354, 3.7550926e-06, 0.0001065135, 0.0004377365, 0.034861922, 0.9990746, 1.4960766e-05]",1074.7004947662354,162.40640258789062,0,2.6609929,17.666666666666668,53,0.8696719,624
0,f18349173483124984767d0c0,0.6958122849464417,"[0.9969807, 0.99912447, 0.9973363, 0.7527459, 0.00045368075, 0.0059793293, 1.5437603e-05, 0.0024204552, 0.012491733, 0.57324624, 0.98997515, 0.00032666326]",1024.339961051941,238.1143035888672,0,2.718238,18.0,54,0.06855044,1776
0,f15645410748588575399d0c0,0.6438485383987427,"[0.0045464933, 0.99993503, 0.9999614, 0.9990221, 0.0018174648, 0.0044893026, 0.00012165308, 0.002704084, 6.2435865e-05, 0.34536263, 0.8806259, 0.0006610453]",987.4668045043945,250.34926986694336,0,2.6897016,18.333333333333332,55,0.22823249,624
0,f10399725805116823342d0c0,0.6597887277603149,"[6.279349e-05, 0.9999987, 0.99999917, 0.99998295, 4.4554472e-05, 0.00029081106, 2.9683113e-05, 0.0007019639, 3.916025e-05, 0.0012700856, 0.99973124, 3.0100346e-06]",962.2412347793579,262.78989601135254,0,2.6241992,18.666666666666668,56,0.9945503,624
1,f10399725805116823342d1c0,0.6582520604133606,"[0.097328305, 0.9921022, 6.997585e-05, 0.5108666, 0.9998324, 0.9998037, 0.41535383, 0.00034543872, 0.99156624, 0.9996859, 0.98644, 0.28648233]",1373.6327743530273,139.6505641937256,0,-0.6049795,18.666666666666668,56,0.0011885344,3676
1,f11540701249673779057d1c0,0.6488650441169739,"[0.21547854, 0.51665354, 0.141716, 0.31822947, 0.99983525, 0.9999293, 0.32740012, 0.00037276745, 0.99888057, 0.999629, 0.9688469, 0.3196072]",1399.1223402023315,100.97125625610352,0,-0.9492192,19.0,57,0.0005741812,1612
0,f11540701249673779057d0c0,0.6658797264099121,"[0.00021091104, 0.9999993, 0.9999987, 0.9999596, 1.475215e-05, 3.0457973e-05, 1.8775463e-06, 9.7334385e-05, 4.61936e-06, 2.3841858e-07, 0.9999989, 2.771616e-06]",937.4512062072754,224.759370803833,0,3.0701077,19.0,57,0.9991873,624
0,f16038303396274730995d0c0,0.6724636554718018,"[0.0019248128, 0.99999905, 0.9999924, 0.9999684, 0.00017473102, 4.4852495e-05, 1.1920929e-07, 2.9712915e-05, 3.3289194e-05, 9.8347664e-05, 0.99857163, 6.490946e-05]",900.3228302001953,175.1708698272705,0,-2.8497572,19.333333333333332,58,0.9923392,624
1,f16038303396274730995d1c0,0.6983800530433655,"[0.9783564, 0.9988758, 7.867813e-06, 0.99941564, 0.9999895, 0.9999895, 0.0019062757, 9.88245e-05, 0.9999914, 0.99999964, 0.99998593, 0.013863146]",1362.5570392608643,163.25071144104004,0,-0.863208,19.333333333333332,58,0.9231981,1756
2,f16038303396274730995d2c0,0.5961890816688538,"[0.5061831, 0.9529974, 0.9141878, 0.26056898, 0.3904797, 0.9436688, 0.16879559, 0.8611019, 0.42228085, 0.5523809, 0.29757428, 0.8134243]",350.77490997314453,138.08605003356934,0,2.7978022,19.333333333333332,58,1.7077235e-06,3557
0,f12456284375900981572d0c0,0.6413460373878479,"[0.99372584, 0.9998735, 0.75353986, 0.004725814, 0.0004543364, 0.000105679035, 0.0007274747, 0.0024099648, 0.091845125, 0.5473984, 0.015948653, 0.9709291]",874.8353443145752,112.62984275817871,0,-1.7700913,19.666666666666668,59,0.034729306,3552
0,f14257250601455301567d0c0,0.6416884660720825,"[0.9512929, 0.9302548, 0.31991398, 0.24133801, 0.999161, 0.99984944, 0.26226538, 0.0046336353, 0.8084494, 0.95954806, 0.9949326, 0.06129968]",1274.6729946136475,200.4162883758545,0,-1.7056633,20.0,60,0.033503056,3788
1,f14257250601455301567d1c0,0.5628763437271118,"[0.9284633, 0.99973637, 0.9788543, 0.7711141, 0.34405464, 0.8290304, 0.14426139, 0.8998877, 0.011182606, 0.40688217, 0.06780857, 0.03882742]",350.22712898254395,137.34579277038574,0,2.9912426,20.0,60,0.0075399186,245
2,f14257250601455301567d2c0,0.6825886964797974,"[2.0623207e-05, 0.99981374, 0.9999994, 0.9999709, 0.94561476, 0.75639987, 0.00019928813, 4.1633844e-05, 4.3809414e-06, 1.1324883e-06, 0.9999981, 1.0311604e-05]",824.5637855529785,112.41725158691406,0,-2.7105508,20.0,60,0.45656973,636
0,f15902306788255814350d0c0,0.5784326195716858,"[0.21476573, 0.60333794, 0.9329202, 0.12493226, 0.67636055, 0.3099175, 0.28651378, 0.24236575, 0.2132271, 0.98756415, 0.58041567, 0.16251674]",761.5806541442871,88.78917694091797,0,-2.6848452,20.333333333333332,61,0.00013715727,3688
0,f10207378375744334214d0c0,0.6939988136291504,"[0.00019216537, 0.99998665, 0.9999776, 0.46694574, 0.001621306, 0.011916161, 6.848574e-05, 0.00038182735, 8.156896e-05, 3.501773e-05, 0.9999379, 8.195639e-06]",687.0968465805054,124.96685981750488,0,2.9560006,20.666666666666668,62,0.064212516,2656
0,f11503822298054179796d0c0,0.7065491676330566,"[9.149313e-06, 0.99999607, 0.9999366, 0.9999504, 0.0012570024, 0.9996836, 5.453825e-06, 0.0004787743, 8.431077e-05, 0.00012788177, 0.99998, 8.016825e-06]",600.4871215820312,174.50908851623535,0,2.8509438,21.0,63,0.9951599,2676
0,f14662775461973222342d0c0,0.7026090025901794,"[0.0026679635, 0.999912, 0.9999813, 0.9991642, 0.0027562082, 0.31828752, 0.0002913773, 0.00022804737, 3.0308962e-05, 0.916865, 0.09625861, 0.0012163222]",525.2191886901855,185.34472274780273,0,2.8690295,21.333333333333332,64,0.2407103,1136
0,f11405178744643243935d0c0,0.7091042995452881,"[0.9033856, 0.99996185, 0.99999166, 0.9994617, 0.0014266372, 0.41210312, 0.011470795, 0.0033252835, 0.0014511943, 0.20379186, 0.90199417, 0.0010191202]",462.26608085632324,198.95997428894043,0,3.1173356,21.666666666666668,65,0.06497639,2800
0,f13977399617536416556d0c0,0.6677569150924683,"[0.19593903, 0.9339094, 0.98165005, 0.93048954, 0.00020456314, 0.0016267896, 1.4990568e-05, 0.0014160872, 0.0008812547, 0.07765877, 0.09397125, 0.20585576]",400.1111011505127,210.33147621154785,0,2.9871688,22.0,66,0.17516227,2160
0,f16709984305189657553d0c0,0.7257860898971558,"[0.99642026, 0.9789482, 0.99976605, 0.98280776, 3.6776066e-05, 0.0034806728, 0.00014147162, 0.04046485, 0.15591401, 0.9935342, 0.02353546, 0.9833277]",387.25912857055664,223.85104656219482,0,2.8964155,22.333333333333332,67,0.5240051,1520
0,f9905123812982886980d0c0,0.6882616281509399,"[0.00059092045, 0.99379224, 0.9999114, 0.9962708, 0.0014690757, 0.01039201, 0.004365593, 0.7738917, 0.966333, 0.12787452, 0.99836403, 0.023795605]",412.5329113006592,213.54553985595703,0,2.4583404,22.666666666666668,68,0.3419628,625
0,f16361947974910891892d0c0,0.7147533893585205,"[0.92889875, 0.99938047, 0.9995809, 0.13549751, 0.089814305, 0.6789567, 0.9796085, 0.9625818, 0.9853019, 0.99580437, 0.057133555, 0.032757968]",425.19957733154297,163.20392036437988,0,-2.7435746,23.0,69,0.12953691,1255
0,f12003544476876310822d0c0,0.7120060920715332,"[0.0010073185, 0.9999975, 0.9999703, 0.9999869, 0.0014298856, 0.9999478, 0.81139296, 0.0012817681, 0.00069481134, 1.0251999e-05, 0.9981824, 1.2755394e-05]",412.57426261901855,162.418550491333,0,-2.9191625,23.333333333333332,70,0.6149138,630
0,f10140592961529086751d0c0,0.618728518486023,"[0.14302337, 0.9915925, 0.98446965, 0.9257168, 0.055851817, 0.027558893, 0.00959447, 0.0025850534, 0.002720356, 0.28504607, 0.37412423, 0.06518453]",412.5472812652588,174.72665691375732,0,-2.9306479,24.0,72,0.04439513,2160
0,f18317552703839892359d0c0,0.7150664329528809,"[0.003876537, 0.9936154, 0.9991743, 0.99976784, 0.41519606, 0.016549408, 0.00025323033, 5.2124262e-05, 0.1308001, 0.119464934, 0.013225943, 0.98391956]",437.65492820739746,162.39574813842773,0,-2.5278547,24.333333333333332,73,0.08483179,368
0,f11927305221102883437d0c0,0.6798035502433777,"[0.0013470948, 1.0, 0.9999994, 0.9998919, 0.00044095516, 0.0002501905, 1.6093254e-06, 1.2546778e-05, 5.3048134e-06, 0.0, 0.9999789, 4.2021275e-06]",462.5070171356201,137.5822582244873,0,-2.0689352,24.666666666666668,74,0.99562204,624
0,f12164346701960939863d0c0,0.6760464310646057,"[0.9992907, 0.99999964, 1.7017126e-05, 0.99998426, 0.9999993, 0.9999995, 0.00013488531, 1.4901161e-07, 0.9996525, 0.9999962, 0.99999905, 0.025638878]",1050.33957862854,213.20957374572754,0,-3.1023808,25.0,75,0.9463883,1756
1,f12164346701960939863d1c0,0.6938947439193726,"[0.96918386, 1.0, 0.99999654, 0.9998791, 0.0025823712, 0.00049194694, 7.599592e-06, 0.0004208386, 4.836917e-05, 1.1920929e-07, 0.9998852, 0.00036662817]",487.77943420410156,112.59683990478516,0,-1.6418389,25.0,75,0.9305849,2800
0,f16427122356254128947d0c0,0.6960160136222839,"[0.9998951, 0.99999785, 0.00012356043, 0.9996599, 0.999997, 0.99999964, 9.4771385e-06, 8.076429e-06, 0.99977285, 0.9999968, 0.9999894, 0.0028022826]",1000.7615737915039,225.28009605407715,0,2.9825492,25.333333333333332,76,0.9927405,1756
1,f16427122356254128947d1c0,0.5896393060684204,"[0.56403434, 0.6024864, 0.46904168, 0.23361593, 0.4071063, 0.601732, 0.30232605, 0.74246174, 0.39735734, 0.7184067, 0.38374516, 0.6393432]",513.4730453491211,200.3297939300537,0,-2.5544155,25.333333333333332,76,3.6462954e-08,1477
2,f16427122356254128947d2c0,0.68599933385849,"[0.012201488, 0.999969, 0.9999771, 0.9990165, 0.0006227195, 5.608797e-05, 0.0003976524, 0.002639532, 0.002884835, 0.0004696846, 0.9865382, 0.0004786849]",525.8614921569824,112.74713325500488,0,-1.0225745,25.333333333333332,76,0.93313426,624
0,f15276598520241725375d0c0,0.6410344243049622,"[0.9634288, 0.8745412, 0.3716479, 0.50535774, 0.88439673, 0.9992555, 0.9939892, 0.4809538, 0.22417635, 0.9311111, 0.8976758, 0.92596143]",951.2967929840088,262.3652057647705,0,2.4552975,25.666666666666668,77,1.7781795e-05,4062
1,f15276598520241725375d1c0,0.6045339703559875,"[0.0013857186, 0.9999845, 0.99996424, 0.07282844, 0.016783059, 0.0058358014, 0.29347333, 0.10184926, 0.008199543, 0.044982165, 0.9917746, 0.0099925995]",576.7495193481445,112.83030319213867,0,-0.34376794,25.666666666666668,77,0.23091157,2656
0,f10953420544636439777d0c0,0.662762463092804,"[0.9939207, 0.99830973, 0.011838138, 0.48100698, 0.9970391, 0.99979764, 0.9842026, 0.020390153, 0.017690241, 0.98021436, 0.32608652, 0.9767818]",912.8184547424316,262.20048427581787,0,3.0255048,26.0,78,0.010355915,3534
1,f10953420544636439777d1c0,0.6371052861213684,"[4.1127205e-06, 1.0, 0.9999995, 0.99608, 5.9604645e-07, 1.9073486e-06, 0.00075632334, 2.3037195e-05, 5.662441e-07, 2.9802322e-08, 0.9999987, 3.874302e-07]",588.1047859191895,113.32545471191406,0,-0.5298811,26.0,78,0.99059486,624
0,f17311338443998268958d0c0,0.6481325030326843,"[0.99905914, 0.9994585, 0.007371366, 0.99768746, 0.9999734, 0.99992096, 0.00078108907, 3.671646e-05, 0.86511666, 0.9991843, 0.9948966, 0.012883872]",862.0269870758057,223.5518102645874,0,-2.8257594,26.333333333333332,79,0.6861271,1756
1,f17311338443998268958d1c0,0.6887474060058594,"[4.0322542e-05, 1.0, 1.0, 0.5132568, 5.453825e-06, 7.4505806e-07, 0.0017279685, 7.7188015e-06, 5.9604645e-08, 0.0, 0.9999974, 2.9802322e-08]",601.0404510498047,125.7371768951416,0,-0.3455492,26.333333333333332,79,0.026418937,624
0,f15442085784879201342d0c0,0.6592245697975159,"[0.57483566, 0.9835645, 0.20529658, 0.8928133, 0.9998919, 0.99975926, 0.0012537241, 0.006981343, 0.47302786, 0.9949951, 0.96726906, 0.19166246]",824.8714637756348,173.27728652954102,0,-2.8932774,26.666666666666668,80,0.0020276087,3804
1,f15442085784879201342d1c0,0.7267483472824097,"[8.007884e-05, 1.0, 1.0, 0.5917032, 0.001233995, 6.765127e-06, 0.0010068715, 2.989173e-05, 2.503395e-06, 1.4007092e-06, 0.99999404, 1.9103289e-05]",626.8576946258545,162.9013442993164,0,0.11773866,26.666666666666668,80,0.1825321,624
1,f17733564755992707732d1c0,0.6866112351417542,"[0.98778605, 0.99891996, 0.004209012, 0.9989058, 0.9999478, 0.9998246, 0.001468718, 0.00014528632, 0.16487646, 0.99456173, 0.9829779, 0.03093189]",787.0305070877075,161.0256223678589,0,-2.6233141,27.0,81,0.5765069,3804
0,f17733564755992707732d0c0,0.7185605764389038,"[8.6545944e-05, 0.99999094, 0.9999989, 0.9996234, 3.6358833e-06, 7.4505806e-07, 0.0009200871, 0.0012796223, 0.00010147691, 8.136034e-06, 0.9949877, 1.3023615e-05]",651.723726272583,213.41105270385742,0,0.51787347,27.0,81,0.9844419,624
0,f9252794945506340795d0c0,0.5520081520080566,"[0.89551395, 0.995833, 0.9997086, 0.28602472, 0.16214314, 0.8353047, 0.20620862, 0.15375015, 0.2888547, 0.96618, 0.9899368, 0.98435915]",676.1141605377197,262.8527545928955,0,1.5548251,27.333333333333332,82,0.02311965,4068
1,f9252794945506340795d1c0,0.6392877101898193,"[0.4363778, 0.99971586, 0.00032621622, 0.9993698, 0.9989962, 0.999982, 0.0003941357, 2.783537e-05, 0.9848994, 0.99918324, 0.99624723, 0.4805289]",749.6657266616821,148.5741376876831,0,-2.5355272,27.333333333333332,82,0.0047361557,3676
0,f12627853677730805350d0c0,0.6058723330497742,"[0.00027233362, 1.0, 0.9999944, 7.8856945e-05, 7.665157e-05, 1.4901161e-07, 4.670024e-05, 3.7014484e-05, 6.631017e-05, 0.00021481514, 0.9997689, 0.8573781]",701.5776596069336,262.6009101867676,0,0.48658174,27.666666666666668,83,0.7132857,864
1,f12627853677730805350d1c0,0.6413286328315735,"[0.9856235, 0.99759847, 0.0012407899, 0.9994287, 0.9996197, 0.9999018, 0.0013205707, 3.5494566e-05, 0.9765295, 0.9983271, 0.992184, 0.08553201]",724.4610595703125,123.1884994506836,0,-2.566868,27.666666666666668,83,0.7437221,1756
0,f10636086596643234600d0c0,0.5797346234321594,"[0.0019054711, 0.99942446, 0.99999833, 0.6466494, 0.10250878, 0.0025084317, 0.08875495, 0.004760772, 0.0007683635, 0.0049412847, 0.9984211, 0.40650147]",652.1676368713379,249.7290678024292,0,0.6575125,28.0,84,0.034656078,624
0,f16496303130862601829d0c0,0.586592435836792,"[0.64823276, 0.82824165, 0.9456803, 0.63037866, 0.9983015, 0.9978648, 0.8672192, 0.0125617385, 0.6053832, 0.99912316, 0.98088866, 0.51397616]",612.4024448394775,99.97556114196777,0,-2.9439511,28.666666666666668,86,0.00018179748,4094
0,f16204025430282298241d0c0,0.6403375864028931,"[0.022622824, 0.99986804, 0.06728065, 0.99404824, 0.999987, 0.99992895, 0.041410208, 0.00025489926, 0.8725581, 0.9998517, 0.99156123, 0.019941658]",587.1270017623901,98.88060188293457,0,-2.7601488,29.0,87,0.5260166,3676
1,f10806841746093770905d1c0,0.6470335125923157,"[0.08000037, 0.9852542, 0.8305384, 0.8328552, 0.975443, 0.95598066, 0.8178786, 0.02751109, 0.096043855, 0.86337626, 0.83242315, 0.3921869]",550.5204124450684,111.1151351928711,0,-2.8936605,29.333333333333332,88,0.015732829,1662
0,f10806841746093770905d0c0,0.6682468056678772,"[0.9979265, 0.9997125, 0.9998658, 0.024863958, 0.0002988279, 0.023893923, 0.04025024, 0.9796197, 0.43147707, 0.992708, 0.00046610832, 0.0025128722]",475.0599594116211,249.76963996887207,0,2.9867232,29.333333333333332,88,0.10654223,3297
0,f10009368724136405365d0c0,0.7040301561355591,"[0.99944454, 0.9999503, 0.99983156, 0.9975485, 0.00014299154, 0.005664319, 0.011817634, 0.066001505, 0.00043189526, 0.97877824, 0.002485752, 0.0008209646]",449.65210247039795,249.59760093688965,0,3.0112948,29.666666666666668,89,0.79097396,3312
1,f10009368724136405365d1c0,0.6728965044021606,"[0.0036863089, 0.99999857, 0.0738239, 0.99976605, 0.99986494, 1.0, 0.056232423, 4.6491623e-06, 0.9991621, 0.99999595, 0.9999056, 0.99850994]",550.1942806243896,99.87567138671875,0,-2.7484615,29.666666666666668,89,0.746715,1884
0,f14806441784780951886d0c0,0.6860217452049255,"[0.9680968, 0.98251075, 0.9747285, 0.5041547, 0.1151492, 0.4079666, 0.19704539, 0.9365713, 0.9033548, 0.96528286, 0.9671542, 0.7419722]",450.05223655700684,238.1790714263916,0,2.7966752,30.0,90,0.00018133695,4081
1,f14806441784780951886d1c0,0.62977534532547,"[0.9936813, 0.9999802, 0.99897456, 0.9999621, 0.99999964, 0.99994814, 0.052895963, 0.00097188354, 0.11596283, 0.9245287, 0.99939704, 0.014820039]",550.67262840271,112.45606231689453,0,-2.5967135,30.0,90,0.5556897,1788
0,f16017995813326327545d0c0,0.7164326906204224,"[0.644851, 0.8450373, 0.48502374, 0.60488605, 0.8071657, 0.7793925, 0.8630539, 0.98493826, 0.68671834, 0.81943184, 0.4313388, 0.33892074]",437.0733938217163,225.15426063537598,0,-2.857196,30.333333333333332,91,3.205015e-06,3295
1,f16017995813326327545d1c0,0.6226392984390259,"[0.79002684, 0.999154, 0.99747556, 0.99981254, 0.9999448, 0.9991677, 0.4800234, 0.06741208, 0.0587914, 0.03774172, 0.7781895, 0.12063113]",538.14035987854,112.2940616607666,0,-2.6586716,30.333333333333332,91,0.00684395,2812
1,f10606291893147511568d1c0,0.6795749068260193,"[0.998468, 0.9999832, 0.9998895, 0.9999901, 0.999995, 0.99992347, 0.97298354, 0.004092902, 0.00023013353, 8.3208084e-05, 0.99418527, 0.0009711981]",525.6599674224854,125.21353340148926,0,-2.759337,30.666666666666668,92,0.921694,766
0,f10606291893147511568d0c0,0.7154611349105835,"[0.5815667, 0.9874183, 0.890982, 0.12906897, 0.9015226, 0.9890532, 0.8426451, 0.9991003, 0.9951757, 0.99933237, 0.23599717, 0.18008476]",424.87083435058594,225.34115600585938,0,-3.125238,30.666666666666668,92,0.016562106,3311
0,f15228813710030591561d0c0,0.5939989686012268,"[0.4753882, 0.5999277, 0.7887756, 0.53808606, 0.26330882, 0.46997535, 0.028243423, 0.2956362, 0.6782761, 0.8475713, 0.4696644, 0.7335489]",425.2632465362549,224.27240657806396,0,2.753034,31.0,93,3.3324632e-08,1392
1,f15228813710030591561d1c0,0.6555574536323547,"[0.9735294, 0.999908, 0.9996432, 0.9997327, 0.9990019, 0.99979085, 0.93576235, 0.09654081, 0.000913918, 0.000785321, 0.9723476, 0.01842904]",525.5807952880859,125.04203796386719,0,-2.6499853,31.0,93,0.6016159,766
0,f12049262327042075373d0c0,0.7028251886367798,"[0.7689637, 0.8706648, 0.5405752, 0.12038219, 0.04353419, 0.9438217, 0.05301994, 0.92069876, 0.9785565, 0.9963814, 0.08291733, 0.18624997]",424.81650733947754,238.02335166931152,0,3.0061903,31.333333333333332,94,0.007448574,3301
0,f10818266927710066344d0c0,0.7032098174095154,"[0.8061517, 0.938356, 0.6222115, 0.46667686, 0.30500692, 0.8871282, 0.557545, 0.49793515, 0.93294495, 0.99744034, 0.053240836, 0.41744936]",424.89331817626953,237.91021728515625,0,-2.92966,31.666666666666668,95,1.5948508e-07,3302
0,f17825990882084892124d0c0,0.6794969439506531,"[0.8585659, 0.96152955, 0.97858626, 0.06602082, 0.003488183, 0.9890655, 0.066758126, 0.58657765, 0.98609287, 0.9962787, 0.11096072, 0.65399]",425.29230880737305,238.06834030151367,0,2.7653766,32.0,96,0.018531954,1509
0,f14028143336879996054d0c0,0.6995718479156494,"[0.5372756, 0.8727928, 0.9931049, 0.5036307, 0.0056084394, 0.9924326, 0.0016022325, 0.009332538, 0.9619102, 0.9948508, 0.36972257, 0.69450456]",426.0901851654053,225.49339294433594,0,2.6611147,32.333333333333336,97,3.513934e-05,1524
1,f14028143336879996054d1c0,0.575096845626831,"[0.7238516, 0.672345, 0.4763753, 0.6065157, 0.38945147, 0.9266536, 0.82694715, 0.67738384, 0.7911515, 0.783738, 0.622243, 0.78213]",425.9650707244873,148.98845195770264,0,2.096442,32.333333333333336,97,3.0990486e-06,2007
0,f9616025454958385814d0c0,0.7116646766662598,"[0.5434065, 0.84704274, 0.95742744, 0.77393967, 0.1236909, 0.030979156, 0.100895435, 0.79680014, 0.8189803, 0.9571096, 0.75762534, 0.6868085]",436.6188554763794,212.92896461486816,0,-2.3051996,32.666666666666664,98,0.0011343099,4081
0,f11659084722972616787d0c0,0.694912314414978,"[0.002692014, 0.9990206, 0.9998586, 0.9837847, 0.11743659, 0.00017625093, 7.033348e-06, 0.00051909685, 0.0015177727, 0.011687249, 0.99940896, 0.0021786392]",462.29062271118164,213.03636741638184,0,-2.6068573,33.0,99,0.7103688,624
0,f11540807770397280047d0c0,0.6961019039154053,"[0.010147184, 0.8447139, 0.9983885, 0.9984022, 0.010802031, 0.00070118904, 6.875396e-05, 0.00035211444, 0.000443846, 0.0006686747, 0.011493951, 0.79651546]",474.7802333831787,213.4616413116455,0,-2.7888083,33.333333333333336,100,0.37874097,368
0,f12610911547746019635d0c0,0.6790737509727478,"[0.4338863, 0.5507678, 0.89481634, 0.88284177, 0.26109275, 0.0042176843, 0.00028437376, 0.036477447, 0.0059470236, 0.028517723, 0.1553362, 0.23370045]",474.9527111053467,188.30210876464844,0,-2.706111,33.666666666666664,101,0.0012189143,2160
0,f16955030592238505072d0c0,0.6619889140129089,"[0.013553381, 0.96173966, 0.9993864, 0.9963552, 0.05022487, 0.0020665228, 0.00021055341, 0.005402744, 0.0002631843, 5.7578087e-05, 0.31822905, 0.81468666]",437.6067523956299,175.2137908935547,0,-2.9657505,34.0,102,0.18042277,368
0,f16649385734420145735d0c0,0.6530276536941528,"[0.011940151, 0.9998516, 0.99996555, 0.9992847, 0.015082955, 6.0617924e-05, 3.0755997e-05, 0.0012603998, 0.00014933944, 3.0487776e-05, 0.9917144, 0.16332555]",449.71673583984375,175.43530082702637,0,-2.60034,34.333333333333336,103,0.62383723,624
0,f12727281280696485138d0c0,0.7027701735496521,"[0.39742002, 0.99849796, 0.9793713, 0.66476506, 0.40739042, 0.0154135525, 0.002464354, 0.38228855, 0.0047154725, 0.002766043, 0.69896036, 0.016531765]",462.82883071899414,150.19086837768555,0,-1.6646607,34.666666666666664,104,0.0010300145,624
0,f13194575830468548867d0c0,0.6667248010635376,"[0.14213076, 0.9999962, 0.99999905, 0.99991393, 0.027013749, 0.001864016, 6.556511e-07, 0.0012684762, 7.465482e-05, 7.0631504e-06, 0.99677736, 0.00041621923]",487.6036376953125,125.56437492370605,0,-1.5019343,35.0,105,0.66770905,624
0,f14876904206269184713d0c0,0.7115246057510376,"[0.0017756224, 0.99999774, 0.99999785, 0.997547, 0.0015712082, 0.00013199449, 0.0023268461, 0.0052565336, 0.00053983927, 9.050965e-05, 0.8998621, 0.0013107061]",513.6378707885742,125.5134220123291,0,-0.7930831,35.333333333333336,106,0.77530116,624
0,f16208172639255485694d0c0,0.6932095289230347,"[1.8298626e-05, 0.9999919, 0.9999896, 0.8428483, 0.038632005, 0.00927332, 0.65403235, 0.14956439, 0.0056199133, 0.0049331784, 0.9988551, 4.091859e-05]",551.732458114624,125.15677452087402,0,-0.11587971,35.666666666666664,107,0.13094263,2674
0,f10161754844640980118d0c0,0.7228901386260986,"[1.6868114e-05, 1.0, 0.9999956, 0.9682844, 1.6570091e-05, 6.80089e-05, 0.0024827719, 7.197261e-05, 2.2649765e-06, 4.4703484e-06, 0.9973551, 2.3841858e-07]",600.8207817077637,126.17206764221191,0,-0.19792925,36.0,108,0.92664605,624
0,f15052858634395463176d0c0,0.7352721691131592,"[5.811453e-06, 1.0, 1.0, 0.066289276, 7.840991e-05, 4.7683716e-07, 0.0004826486, 2.3543835e-05, 4.351139e-06, 2.193451e-05, 0.99982136, 1.7881393e-07]",663.2655639648438,138.6628589630127,0,-0.09881091,36.333333333333336,109,0.8660412,2656
0,f10754539267272826416d0c0,0.718590497970581,"[2.0444393e-05, 0.99999917, 0.99858093, 0.999556, 0.29057807, 0.0029447675, 0.03154981, 0.00012382865, 1.4007092e-06, 3.7252903e-06, 0.9999558, 9.23872e-07]",726.9110679626465,126.05926704406738,0,-0.16213511,36.666666666666664,110,0.38849938,624
0,f16000202373987524678d0c0,0.664972722530365,"[4.1127205e-06, 0.9999989, 0.99992836, 0.9993056, 0.0016185343, 0.04639229, 0.70113087, 0.0015526712, 7.003546e-05, 0.0016379058, 0.9999753, 3.1262636e-05]",787.6718158721924,126.3206901550293,0,-0.082849875,37.0,111,0.3607909,2674
0,f11351285949161759954d0c0,0.6721462607383728,"[1.1950731e-05, 1.0, 0.9999975, 0.999716, 8.100271e-05, 3.5643578e-05, 0.001954317, 8.267164e-05, 0.00010100007, 0.0013626218, 0.9997162, 5.9604645e-07]",839.903076171875,175.2196922302246,0,0.45315948,37.333333333333336,112,0.9916233,624
0,f15244363025638657648d0c0,0.6553754210472107,"[3.606081e-06, 0.9999989, 0.99999905, 0.999879, 5.352497e-05, 1.4901161e-07, 0.00075495243, 1.2904406e-05, 1.6987324e-06, 1.4901161e-07, 0.99997187, 7.0631504e-06]",901.7339611053467,250.57865142822266,0,0.33538467,37.666666666666664,113,0.9980303,624
0,f18290269078247722235d0c0,0.679694652557373,"[0.32350194, 1.0, 0.9999378, 0.00077429414, 0.0018808842, 3.4809113e-05, 0.0018101037, 0.00010702014, 5.543232e-06, 1.1146069e-05, 0.99990976, 0.00019034743]",951.0247936248779,263.60130500793457,0,0.39227337,38.0,114,0.34950185,2656
0,f18114294283465860209d0c0,0.6370485424995422,"[3.874302e-07, 1.0, 0.9999864, 0.021417528, 0.0010022819, 1.1920929e-06, 0.00051644444, 1.013279e-06, 8.940697e-07, 6.0796738e-06, 0.99999845, 1.1920929e-07]",1026.9618797302246,263.5279235839844,0,0.2336496,38.333333333333336,115,0.9542121,2656
0,f14557481920872548171d0c0,0.6036831736564636,"[0.0001206696, 0.9999968, 0.9999964, 0.7725279, 0.000346303, 0.00020712614, 0.00055748224, 2.1845102e-05, 9.959936e-05, 0.0065837204, 0.9999505, 7.927418e-05]",1077.4437427520752,226.05271339416504,0,0.19394964,38.666666666666664,116,0.5362792,624
0,f15472161816898606637d0c0,0.6465519070625305,"[0.00013709068, 0.9999722, 0.9998267, 0.99937785, 0.0002283454, 2.5600195e-05, 4.607439e-05, 4.184246e-05, 3.322959e-05, 0.000518322, 0.99990416, 0.00075113773]",1075.7433414459229,176.56892013549805,0,-0.35948738,39.0,117,0.99461055,624
0,f10546184400042197472d0c0,0.6356043815612793,"[0.000597924, 0.99999297, 0.99999356, 0.9937402, 5.0872564e-05, 8.407235e-05, 0.0004543066, 0.0005531013, 3.6358833e-06, 0.00016790628, 0.9995473, 0.0019249916]",1101.141363143921,113.86796569824219,0,-0.5183154,39.333333333333336,118,0.9790091,624
0,f15132189584090913140d0c0,0.6214827299118042,"[0.0053745806, 0.9999846, 0.999946, 0.9918147, 1.8179417e-06, 4.8577785e-06, 0.037669808, 0.040062875, 0.037351966, 0.011307687, 0.9977888, 0.124189734]",1150.6121463775635,101.75859260559082,0,-0.52369666,39.666666666666664,119,0.5600187,624
0,f16344802968925809692d0c0,0.5911658406257629,"[0.0011090338, 0.9999546, 0.99989176, 0.15735239, 9.211898e-05, 3.5643578e-05, 0.005394697, 0.0009974241, 7.241964e-05, 0.0003298819, 0.999984, 0.00018432736]",1188.1746006011963,114.552490234375,0,-0.28692493,40.0,120,0.67385566,2656
0,f17913729862857191576d0c0,0.695391058921814,"[0.0002182126, 0.9999988, 0.99963033, 0.99593604, 4.6491623e-06, 4.2885542e-05, 0.0013568997, 0.00023326278, 2.4437904e-06, 9.506941e-06, 0.9994019, 1.04010105e-05]",1262.9223384857178,127.18391227722168,0,-0.28272262,40.333333333333336,121,0.9862352,624
0,f12051678565823977738d0c0,0.693170428276062,"[6.109476e-05, 1.0, 0.9963862, 0.999295, 2.2053719e-06, 2.592802e-06, 0.00089141726, 2.4735928e-06, 1.4901161e-07, 1.4901161e-06, 0.99998236, 1.8179417e-06]",1300.3935050964355,152.07040405273438,0,0.042930473,40.666666666666664,122,0.9894281,624
0,f12397981175115840963d0c0,0.7191012501716614,"[0.05482772, 0.999995, 0.9982828, 0.99924254, 9.715557e-06, 2.8699636e-05, 0.0020272732, 0.00021210313, 0.000115424395, 0.0007480681, 0.03156799, 0.0001694262]",1300.2837257385254,190.6452407836914,0,0.51389,41.0,123,0.8245139,2160
0,f9588440567757933970d0c0,0.6998329758644104,"[0.00075924397, 0.99998105, 0.98963773, 0.9998715, 1.013279e-06, 3.606081e-06, 9.000301e-05, 1.9401312e-05, 3.8146973e-06, 4.5895576e-06, 0.7722408, 1.9401312e-05]",1299.8659362792969,227.81353950500488,0,0.62603396,41.333333333333336,124,0.53207994,624
0,f12549779539601214788d0c0,0.6032171845436096,"[0.00040057302, 0.99998486, 0.9988644, 0.99868864, 8.267164e-05, 0.00020587444, 0.00010231137, 0.0002336204, 2.3841858e-05, 8.6426735e-07, 0.93302774, 1.5795231e-06]",1287.4670753479004,227.14429664611816,0,0.695136,41.666666666666664,125,0.85998553,624
0,f13756533673618807139d0c0,0.6234806776046753,"[0.03649804, 0.9924225, 0.9809114, 0.97327393, 0.000857085, 0.0008338392, 0.0011771619, 0.04074061, 0.07413751, 0.0058297813, 0.92639, 0.018858343]",1274.3853883743286,253.13040161132812,0,1.0583776,42.0,126,0.5243575,624
0,f11965403059711295300d0c0,0.6437332630157471,"[0.32349297, 0.8027619, 0.8289341, 0.6757518, 0.8919267, 0.36064053, 0.5819299, 0.8706096, 0.8194009, 0.935621, 0.7219805, 0.18250906]",1249.5001497268677,264.0212593078613,0,-1.6314758,42.333333333333336,127,0.00020578968,3707
0,f12720525634131180745d0c0,0.5581337809562683,"[0.01716867, 0.9999888, 0.9999974, 0.99909055, 8.3476305e-05, 6.7830086e-05, 1.0728836e-06, 2.488494e-05, 0.00023123622, 0.8074036, 0.8173444, 0.001422435]",1212.421531677246,262.76305770874023,0,1.9785601,42.666666666666664,128,0.37474036,3696
0,f18202603447906483459d0c0,0.7278664708137512,"[0.00011718273, 0.9999932, 0.99992037, 0.99972624, 0.00060361624, 0.0006799102, 0.00022056699, 0.001420021, 0.00013926625, 0.000120192766, 0.99999607, 1.963973e-05]",1024.0639505386353,250.61779403686523,0,2.8657417,44.0,132,0.99265206,624
0,f11152294434513781936d0c0,0.6336696147918701,"[0.30999258, 0.9980495, 0.99988544, 0.9989588, 0.015504837, 0.03311214, 0.0024185479, 0.0023948848, 0.03335458, 0.999686, 0.98985475, 0.19948006]",975.3626976013184,262.6767807006836,0,2.7340086,44.333333333333336,133,0.18587203,3696
0,f17230486744189890011d0c0,0.6727632284164429,"[4.9978495e-05, 1.0, 0.9999926, 0.9999666, 7.882714e-05, 4.133582e-05, 1.1086464e-05, 0.00018793344, 1.1593103e-05, 7.95722e-06, 0.9999857, 1.5199184e-06]",924.8669185638428,225.00959968566895,0,-2.9282117,44.666666666666664,134,0.99910957,624
0,f10380408285953843396d0c0,0.6914187073707581,"[0.6854215, 0.9612254, 0.92666405, 0.39082754, 0.022321373, 0.001650244, 0.0006740391, 0.0007727146, 0.020902872, 0.15997499, 0.20886832, 0.36415896]",874.7770862579346,137.78826522827148,0,-2.24155,45.0,135,0.006237922,2272
0,f13376274175180872997d0c0,0.6152094006538391,"[3.0696392e-06, 0.99999905, 0.9999894, 0.99906343, 0.95879954, 0.9743002, 5.13494e-05, 0.00023683906, 2.8938055e-05, 7.1525574e-07, 1.0, 6.854534e-07]",812.5774040222168,100.62505340576172,0,-2.7906022,45.333333333333336,136,0.86822563,636
0,f17317735856722811531d0c0,0.6035860776901245,"[3.3140182e-05, 0.99999607, 0.9999995, 0.9995964, 0.0011714101, 0.00032752752, 6.2584877e-07, 8.046627e-07, 1.847744e-06, 3.874302e-07, 0.99998534, 1.8507242e-05]",737.2708187103271,112.30835342407227,0,3.0660467,45.666666666666664,137,0.99605066,624
0,f10530804724211723073d0c0,0.7124766111373901,"[0.00055760145, 0.99999964, 0.99999785, 0.9999932, 0.0040543973, 0.0017735064, 3.0100346e-06, 2.7924776e-05, 4.0739775e-05, 0.0053240955, 0.99940383, 1.5735626e-05]",662.8615646362305,161.7798948287964,0,3.0099623,46.0,138,0.97540474,624
0,f14946976769039652341d0c0,0.6914607882499695,"[9.8735094e-05, 0.9999858, 0.999995, 0.9998543, 0.00089386106, 0.29903138, 0.0036408901, 0.0003710091, 0.00014394522, 0.676056, 0.51799124, 2.6524067e-06]",600.0588607788086,211.3318862915039,0,2.6895285,46.333333333333336,139,0.005038492,3696
0,f10039807282513057279d0c0,0.5507247447967529,"[3.8921833e-05, 0.99999917, 0.9999993, 0.9999826, 0.00015419722, 0.02259782, 0.00012591481, 0.00010302663, 2.6851892e-05, 3.7252903e-06, 0.99987555, 1.8626451e-05]",513.1055145263672,236.3192319869995,0,2.6748717,47.0,141,0.95363116,624
0,f14099207435885112883d0c0,0.7088844180107117,"[0.001403153, 0.9999734, 0.9999788, 0.99992526, 0.0036757886, 0.08710384, 0.0002475977, 9.921193e-05, 6.604195e-05, 0.000838995, 0.98876137, 0.000118255615]",462.87604904174805,211.40636253356934,0,2.956406,47.333333333333336,142,0.79666454,624
0,f10142848731383051465d0c0,0.6263720393180847,"[0.73787206, 0.9883078, 0.9904214, 0.14165783, 0.0047753155, 0.097560704, 0.6453593, 0.8224248, 0.07188371, 0.7270395, 0.13151604, 0.18082616]",425.2145595550537,198.798752784729,0,3.104689,47.666666666666664,143,0.008927858,1251
0,f14728693677226618169d0c0,0.7047857046127319,"[0.00091969967, 0.99999106, 0.99999917, 0.99994326, 0.69952995, 0.9996301, 0.82078564, 0.0006830096, 7.778406e-05, 2.861023e-06, 0.9482906, 5.6535006e-05]",399.9277038574219,174.73265838623047,0,-2.8911288,48.333333333333336,145,0.22854993,2686
0,f10128698276473038185d0c0,0.6404723525047302,"[0.043560058, 0.9887862, 0.9883364, 0.9583689, 0.58671254, 0.059854448, 0.0023996234, 0.0001489222, 0.0027497709, 0.017868727, 0.98871887, 0.07991058]",424.88636589050293,174.7611904144287,0,-2.3867984,48.666666666666664,146,0.09557351,2680
0,f9603604396929464684d0c0,0.7040356397628784,"[0.021812141, 1.0, 0.99999046, 0.9998771, 0.0016143918, 0.00029790401, 8.940697e-06, 0.00011834502, 2.5063753e-05, 2.9802322e-08, 0.99997973, 0.00016093254]",462.84639739990234,150.0019817352295,0,-1.9021556,49.0,147,0.9518321,624
0,f11581311222394094132d0c0,0.6366956233978271,"[0.0024470985, 1.0, 0.9999809, 0.9999343, 0.00041422248, 3.874302e-06, 2.6524067e-06, 0.00024482608, 0.00267905, 2.9802322e-06, 0.9994991, 0.00021657348]",487.4026851654053,112.43397521972656,0,-1.5018213,49.333333333333336,148,0.9868656,624
0,f16554253602285382494d0c0,0.6832093000411987,"[0.0021755993, 0.9999963, 0.9999931, 0.9980453, 0.004997283, 0.002416402, 0.016740352, 0.0074691474, 0.013746679, 0.0052905977, 0.9430728, 0.008446544]",513.4248447418213,125.58199119567871,0,-0.56719,49.666666666666664,149,0.7797978,624
0,f13544502062902669103d0c0,0.6562865376472473,"[5.9068203e-05, 0.9999988, 0.9999858, 0.9998062, 1.9997358e-05, 2.9921532e-05, 0.000114023685, 1.1891127e-05, 5.5849552e-05, 0.009184927, 0.9759523, 2.7090311e-05]",550.4339618682861,113.83740043640137,0,-0.42832983,50.0,150,0.9334338,624
0,f14290601529931308703d0c0,0.6193878054618835,"[0.000119924545, 1.0, 0.9999958, 0.9994686, 6.556511e-07, 1.9669533e-06, 5.6415796e-05, 1.564622e-05, 1.758337e-06, 0.0001731813, 0.99901056, 2.3394823e-05]",601.3218975067139,100.64528465270996,0,-0.5285021,50.333333333333336,151,0.99616885,624
0,f10442748351667562712d0c0,0.7238783240318298,"[9.685755e-06, 1.0, 1.0, 0.96994126, 7.4505806e-07, 2.3841858e-07, 1.0281801e-05, 2.6851892e-05, 7.1525574e-07, 7.4505806e-07, 0.99992645, 2.9802322e-08]",651.5441398620605,125.6747932434082,0,-0.08709832,50.666666666666664,152,0.93965167,624
0,f14185810604667147459d0c0,0.7197543382644653,"[0.006490171, 0.9999988, 0.9997472, 0.9658933, 0.00065752864, 0.00010702014, 0.0014750361, 0.00018784404, 6.16014e-05, 0.00022852421, 0.99090624, 1.4871359e-05]",689.6533088684082,163.0598258972168,0,0.13904414,51.0,153,0.8975826,624
0,f16268140868170419484d0c0,0.7025145888328552,"[3.2186508e-06, 1.0, 0.99996114, 0.9999856, 5.3942204e-06, 1.8775463e-06, 0.005712241, 2.8759241e-05, 1.1354685e-05, 3.6418438e-05, 0.99964535, 2.1457672e-06]",751.1461143493652,176.35945892333984,0,0.20825925,51.333333333333336,154,0.9875928,624
0,f14063301208322973811d0c0,0.6676591038703918,"[4.4703484e-07, 0.99999905, 0.99999034, 0.9956625, 0.0004351735, 0.00011438131, 0.0037907064, 2.0802021e-05, 2.2262335e-05, 0.0073387027, 0.999964, 6.2584877e-07]",827.3948020935059,188.22336959838867,0,0.14079762,51.666666666666664,155,0.9681286,624
0,f11467220388635599072d0c0,0.6530434489250183,"[3.1411648e-05, 1.0, 0.9999682, 0.8095133, 0.00018650293, 0.00011393428, 0.018607736, 5.6624413e-05, 1.9669533e-05, 5.0365925e-06, 0.9999654, 1.4305115e-06]",887.876106262207,213.49626350402832,0,-0.013090761,52.0,156,0.59541595,624
0,f17743785645563288463d0c0,0.6885097026824951,"[0.0013884902, 1.0, 0.99972993, 0.99718887, 6.3180923e-06, 5.364418e-06, 0.0007714331, 1.013279e-06, 3.3974648e-06, 0.04245165, 0.9859401, 2.5629997e-06]",962.9199657440186,214.2525577545166,0,0.0024764617,52.333333333333336,157,0.8800391,624
0,f12616690364861830599d0c0,0.6150600910186768,"[0.022254556, 0.99998856, 0.9999732, 0.9410856, 0.012739867, 0.004195988, 0.0036479533, 3.668666e-05, 0.00060108304, 0.82370377, 0.99788034, 0.00071915984]",1051.8599948883057,201.48323822021484,0,0.13286637,52.666666666666664,158,0.51981676,3696
0,f13374389155868547822d0c0,0.5863832831382751,"[4.079938e-05, 1.0, 0.9994709, 0.9994623, 1.1652708e-05, 1.1473894e-05, 0.017451406, 0.00019326806, 2.7090311e-05, 3.1113625e-05, 0.9999764, 2.69413e-05]",1125.1728382110596,201.85962104797363,0,0.058179628,53.0,159,0.96233445,624
0,f13913397036028659788d0c0,0.6573358178138733,"[0.3077001, 0.99998415, 0.99970394, 0.98926723, 0.008461267, 0.008885175, 0.023958087, 0.019836277, 0.0009622574, 0.01839605, 0.9951025, 0.002848953]",1188.9702110290527,226.31932640075684,0,0.15742166,53.333333333333336,160,0.31429422,624
0,f13238524718937836284d0c0,0.6517931818962097,"[0.020858556, 0.99980885, 0.96806115, 0.43063635, 0.011877984, 0.011086136, 0.0068982244, 6.586313e-05, 5.90086e-06, 3.257394e-05, 0.99598867, 0.0001167655]",1263.389259338379,239.37013816833496,0,-0.07168501,53.666666666666664,161,0.11612326,2656
0,f18388730217053325362d0c0,0.7107818722724915,"[0.21957487, 0.99997413, 0.9996455, 0.9900677, 0.00013455749, 8.3595514e-05, 4.848838e-05, 1.1622906e-06, 7.748604e-07, 7.301569e-06, 0.96958995, 2.2411346e-05]",1313.1870079040527,226.95346069335938,0,-0.34140477,54.0,162,0.5155754,624
0,f17016484789308995616d0c0,0.7172107696533203,"[0.018308878, 0.99996114, 0.99845195, 0.9992093, 2.8252602e-05, 0.00011077523, 0.0005835593, 6.2674284e-05, 4.0233135e-06, 2.2351742e-05, 0.99529356, 0.00013422966]",1299.99338722229,214.88561630249023,0,-0.39223725,54.333333333333336,163,0.94798535,624
0,f15105970971862841584d0c0,0.7189740538597107,"[0.28012946, 0.9989384, 0.9845665, 0.96857417, 0.00045248866, 0.00092586875, 0.003358364, 0.00015199184, 1.4305115e-05, 0.00070115924, 0.37792835, 0.0022794306]",1338.2230033874512,239.7179946899414,0,-0.22646299,54.666666666666664,164,0.09577388,2160
0,f17924373455203610025d0c0,0.6754568815231323,"[0.061419457, 0.99987113, 0.9957885, 0.99456525, 0.00014141202, 0.00011485815, 0.0002914369, 9.149313e-06, 1.4305115e-06, 0.0006688833, 0.9146858, 0.00043147802]",1350.6266174316406,252.03214263916016,0,-0.27783734,55.0,165,0.71097654,624
0,f12028636263609565570d0c0,0.5720623135566711,"[0.35118502, 0.6624047, 0.9144983, 0.31490916, 0.0026434958, 0.0017290413, 0.0040370524, 0.009367406, 0.08554, 0.32031444, 0.455189, 0.5111413]",1375.1463165283203,227.00914573669434,0,-0.035428766,55.333333333333336,166,1.7028187e-05,2400
0,f13906296178540865446d0c0,0.5576457381248474,"[0.99804604, 0.04141286, 0.7143688, 0.48370168, 0.9288973, 0.9119251, 0.8150214, 0.7595866, 0.77646285, 0.20212817, 0.8351853, 0.99876666]",512.347562789917,225.80098915100098,0,-3.0642178,58.333333333333336,175,0.0006501271,2991
0,f12124343666507231161d0c0,0.5852594375610352,"[0.86287814, 0.88710195, 0.500523, 0.4484662, 0.5815785, 0.8633422, 0.97901917, 0.8950346, 0.48024854, 0.78346336, 0.5160211, 0.8327573]",537.6381435394287,251.1956787109375,0,0.43539864,59.0,177,2.5960365e-09,2031
0,f16308490237346547476d0c0,0.5556581616401672,"[0.07931751, 0.87166864, 0.19016585, 0.17690575, 0.99884593, 0.99654156, 0.23385218, 0.16329104, 0.34716997, 0.98742247, 0.42174193, 0.9375691]",537.0600986480713,253.41986465454102,0,0.7324741,59.333333333333336,178,0.0036300982,3404
0,f14973618887490613123d0c0,0.5713858604431152,"[0.6673705, 0.705602, 0.54910225, 0.71015334, 0.49596393, 0.9609874, 0.9790158, 0.9452077, 0.7351367, 0.7700382, 0.5084029, 0.75931835]",401.82299613952637,249.38168621063232,0,1.5223565,59.666666666666664,179,7.9849315e-08,4087
1,f14973618887490613123d1c0,0.6580509543418884,"[0.13772917, 0.9809265, 0.69192946, 0.27804205, 0.93573457, 0.77596813, 0.9515484, 0.8883933, 0.59448516, 0.45272332, 0.88820505, 0.507465]",587.6915225982666,239.19842338562012,0,0.87386835,59.666666666666664,179,8.299332e-06,2927
0,f17283162251441162845d0c0,0.5794707536697388,"[0.029569894, 0.9986804, 0.21527433, 0.2466448, 0.99995995, 0.99939215, 0.25678867, 0.00060644746, 0.9896131, 0.14311945, 0.84442014, 0.99974567]",586.9376850128174,253.05309295654297,0,0.49154267,60.0,180,0.063219495,844
1,f17283162251441162845d1c0,0.5602707862854004,"[0.6595359, 0.7395413, 0.7237452, 0.59625024, 0.7908292, 0.99854714, 0.9998134, 0.9974722, 0.67864484, 0.5311129, 0.5879584, 0.811866]",401.968599319458,248.7926483154297,0,1.7631155,60.0,180,1.8528988e-05,2047
0,f9817261828111143367d0c0,0.6056172251701355,"[0.5379048, 0.70637566, 0.59406006, 0.73838824, 0.40801638, 0.9087647, 0.98224777, 0.9923833, 0.9247438, 0.9484382, 0.5642422, 0.8916545]",402.4778823852539,237.06463813781738,0,1.1902788,60.333333333333336,181,3.0740663e-05,4087
0,f13440536376669997928d0c0,0.6328701376914978,"[0.6630386, 0.30277127, 0.7857203, 0.5711255, 0.49024123, 0.38178945, 0.9284372, 0.99848866, 0.992806, 0.99607927, 0.87917733, 0.84901345]",402.93053817749023,237.6728172302246,0,0.8567361,60.666666666666664,182,2.1334989e-05,4019
0,f18426920212204077408d0c0,0.658589243888855,"[0.59941536, 0.6552968, 0.82091933, 0.8502788, 0.77747786, 0.94381225, 0.9605293, 0.9945115, 0.9611846, 0.9595629, 0.5086753, 0.8387817]",415.06709480285645,236.54534721374512,0,1.4116098,61.0,183,0.00012418527,2047
0,f9760854356335514379d0c0,0.6470034122467041,"[0.6029193, 0.43883663, 0.90971524, 0.86166155, 0.93825155, 0.73247695, 0.5201253, 0.91845626, 0.992006, 0.9979121, 0.89492196, 0.7882945]",415.112003326416,249.45178699493408,0,1.3533471,61.333333333333336,184,9.1432295e-05,4031
0,f11362516445933550629d0c0,0.6519069075584412,"[0.63783324, 0.36022153, 0.9536117, 0.5375401, 0.8950056, 0.34642518, 0.21535736, 0.7550383, 0.9982247, 0.9992206, 0.9890559, 0.93358606]",414.9068908691406,249.66714477539062,0,0.8281561,61.666666666666664,185,0.00031211437,4025
1,f14730811684967674477d1c0,0.6707132458686829,"[0.7604243, 0.13752353, 0.80512357, 0.50880104, 0.6694974, 0.28023696, 0.42101282, 0.93039244, 0.9943212, 0.98831975, 0.9586273, 0.77342546]",403.1222457885742,237.88901329040527,0,0.6723516,62.0,186,3.9799947e-05,4025
0,f14730811684967674477d0c0,0.6468257904052734,"[0.2211887, 0.99999964, 0.00010353327, 0.9994898, 1.0, 1.0, 0.6783472, 1.1920929e-07, 0.99998784, 1.0, 0.9994504, 0.86395437]",800.5063514709473,252.06694793701172,0,-0.022358825,62.0,186,0.14444135,3934
0,f12922186477533925793d0c0,0.6771903038024902,"[0.32636443, 0.15661618, 0.87852186, 0.15375605, 0.53838986, 0.065449, 0.14192995, 0.9829562, 0.9979309, 0.9844158, 0.98778164, 0.9638222]",403.3389263153076,237.89986038208008,0,0.6069365,62.333333333333336,187,0.0050390544,3881
1,f12922186477533925793d1c0,0.7417218685150146,"[0.9963715, 0.99999833, 1.6391277e-06, 0.99996376, 1.0, 1.0, 0.019108534, 2.7120113e-06, 0.99999857, 1.0, 0.9999994, 0.000986278]",836.7573194503784,226.61927795410156,0,0.11183808,62.333333333333336,187,0.95283544,1756
0,f11981186133910818720d0c0,0.6823475360870361,"[0.45482725, 0.051010817, 0.9384951, 0.059215933, 0.43762144, 0.013098389, 0.015478462, 0.99629885, 0.9996886, 0.99756765, 0.9972223, 0.91868526]",403.2140922546387,237.9299087524414,0,0.53976685,62.666666666666664,188,0.0060699587,1825
1,f11981186133910818720d1c0,0.7162580490112305,"[0.99366426, 0.9999993, 4.5597553e-06, 0.9996126, 0.9999933, 1.0, 0.0013123155, 8.34465e-06, 0.999977, 0.99999964, 0.9999993, 0.009972632]",861.7721910476685,202.26872062683105,0,-0.19810921,62.666666666666664,188,0.96426296,1756
0,f10399068933934883856d0c0,0.6713920831680298,"[0.84656096, 0.10332364, 0.8652479, 0.4981764, 0.55071336, 0.19020456, 0.22925484, 0.9977447, 0.9997378, 0.9996543, 0.991568, 0.46380785]",403.4498996734619,237.38681411743164,0,0.70742524,63.0,189,3.5275136e-06,3753
1,f10399068933934883856d1c0,0.723243236541748,"[0.994779, 0.99999654, 2.3841858e-06, 0.99995863, 0.9999931, 1.0, 0.001106739, 1.1473894e-05, 0.9997801, 1.0, 0.9999989, 0.22852224]",899.3179578781128,177.1471881866455,0,-0.12882166,63.0,189,0.5357895,1756
0,f17747992857071351630d0c0,0.6543174386024475,"[0.919028, 0.08320239, 0.8689726, 0.49387506, 0.5746801, 0.1285438, 0.4599628, 0.9975121, 0.99933344, 0.99965703, 0.99647045, 0.37765858]",403.32741928100586,237.51988220214844,0,0.70577985,63.333333333333336,190,1.3537358e-05,3753
1,f17747992857071351630d1c0,0.6995445489883423,"[0.780825, 0.9999881, 0.0005180836, 0.99925476, 0.999998, 0.9999987, 0.017813325, 0.00039952993, 0.9999864, 0.9999993, 0.999979, 0.9563003]",936.8935880661011,139.07123374938965,0,-0.33951744,63.333333333333336,190,0.49260935,4060
0,f13235901136044551931d0c0,0.6117205023765564,"[0.7579005, 0.34662026, 0.9182756, 0.8959364, 0.8428335, 0.32985333, 0.9535341, 0.96797603, 0.9792625, 0.9512781, 0.48619875, 0.95887417]",402.1090431213379,238.08218383789062,0,0.90045255,63.666666666666664,191,0.00045502785,3515
1,f13235901136044551931d1c0,0.6554602384567261,"[0.9958539, 0.99999833, 1.66893e-05, 0.99821776, 0.99995065, 0.9999987, 0.18877065, 2.2500753e-05, 0.9998764, 0.99999905, 0.99998105, 0.17886347]",961.7727880477905,114.91182899475098,0,-0.20627472,63.666666666666664,191,0.39487445,1756
0,f12114624554177026760d0c0,0.6810734868049622,"[0.94368887, 0.036008388, 0.89962727, 0.14468223, 0.64873636, 0.12581795, 0.027859092, 0.9894952, 0.99989283, 0.99956113, 0.99900764, 0.14808702]",403.02817153930664,237.59321784973145,0,0.5909591,64.0,192,0.0675381,3753
1,f12114624554177026760d1c0,0.6681922674179077,"[0.999461, 0.999908, 0.0016385615, 0.99313015, 0.999241, 0.99994886, 0.68600893, 0.00016435981, 0.00038295984, 0.999435, 0.9995209, 0.0050823987]",999.2307357788086,102.38649368286133,0,-0.16199322,64.0,192,0.3597967,1758
0,f18384657862859771148d0c0,0.7013921141624451,"[0.026836753, 0.75131506, 0.80793345, 0.0038523674, 0.400288, 0.00613904, 0.008025408, 0.9403159, 0.9999864, 0.9992995, 0.98574775, 0.99715143]",402.50238037109375,238.10970306396484,0,0.40111384,64.33333333333333,193,0.047855884,3937
1,f18384657862859771148d1c0,0.6913304924964905,"[0.0006200075, 0.99992347, 0.0038177073, 0.32516563, 0.99991894, 0.9997851, 0.65228266, 0.0003017485, 0.10410792, 0.999992, 0.99930763, 0.99994504]",1048.848708152771,102.30984497070312,0,-0.13626906,64.33333333333333,193,0.08333629,3918
1,f10298744367384083057d1c0,0.5552188754081726,"[0.8001215, 0.8779468, 0.9591564, 0.579356, 0.75205755, 0.898666, 0.9846816, 0.96780115, 0.51474744, 0.92828447, 0.7372154, 0.72051716]",1100.0388259887695,101.47518920898438,0,0.67348313,64.66666666666667,194,0.00012743514,2047
0,f10298744367384083057d0c0,0.6888636350631714,"[0.9974317, 0.0027111173, 0.9998349, 0.005572319, 0.14883238, 0.00073605776, 0.00063723326, 0.98149765, 0.999969, 0.99997747, 0.9997137, 0.029423594]",414.7335777282715,237.4844150543213,0,0.53643125,64.66666666666667,194,0.6204851,1697
0,f10800126791093143629d0c0,0.6625389456748962,"[0.999889, 0.0005296469, 0.99979085, 0.0006188452, 0.066951215, 0.0002645254, 3.1113625e-05, 0.99734145, 0.9999988, 0.999997, 0.9999927, 0.0011081994]",414.5333480834961,237.675687789917,0,0.5480631,65.0,195,0.85653436,1697
1,f10800126791093143629d1c0,0.6584845781326294,"[0.80999744, 0.9188206, 0.6527946, 0.023840874, 0.98164004, 0.99415094, 0.99871445, 0.98937714, 0.59297, 0.81497306, 0.98013544, 0.43895972]",1137.0850973129272,89.45677185058594,0,-0.12499029,65.0,195,0.0019287707,1775
0,f18444674880699123957d0c0,0.6847160458564758,"[0.99961346, 3.656745e-05, 0.99977666, 2.0563602e-05, 0.00034728646, 5.9604645e-07, 3.5762787e-07, 0.99999785, 0.9999988, 0.9999989, 0.9999951, 0.31338945]",426.98407554626465,225.7435131072998,0,0.49470055,65.33333333333333,196,0.37245688,1697
1,f18444674880699123957d1c0,0.6486583352088928,"[0.57516265, 0.9433696, 0.51532423, 0.031293124, 0.99902594, 0.9997017, 0.99996364, 0.9233593, 0.68388456, 0.95161307, 0.7072455, 0.31650668]",1174.86745262146,89.45971298217773,0,-0.048920095,65.33333333333333,196,0.00016342055,1775
0,f16919144021120120162d0c0,0.6772648692131042,"[0.9946315, 0.00087687373, 0.998743, 0.039541334, 0.9971066, 0.20673236, 0.47199368, 0.99988925, 0.9997813, 0.9999888, 0.9999213, 0.010073364]",451.2633419036865,212.99559020996094,0,0.85909545,65.66666666666667,197,0.029009042,3753
1,f16919144021120120162d1c0,0.5871421098709106,"[0.52139276, 0.97552264, 0.3373091, 0.5408165, 0.9992015, 0.9999479, 0.9999232, 0.66698754, 0.011464536, 0.044715613, 0.55012417, 0.2607392]",1225.0393886566162,89.64693450927734,0,-0.2385582,65.66666666666667,197,1.5377385e-05,735
0,f12102430788309551293d0c0,0.6749016642570496,"[0.9979328, 0.00029030442, 0.9999721, 0.0012502968, 9.298325e-06, 1.1086464e-05, 0.07699862, 0.9977902, 0.9998758, 0.99999166, 0.99997926, 0.0030833185]",462.8052444458008,202.2218074798584,0,0.7558067,66.0,198,0.8307067,1697
0,f13390815535377204615d0c0,0.6577705144882202,"[0.9993399, 0.00033327937, 0.99996316, 0.0020210743, 3.59416e-05, 0.00051143765, 0.27196163, 0.99705875, 0.99986887, 0.9999621, 0.9999789, 0.0006996691]",462.6825752258301,202.0878505706787,0,0.7684965,66.33333333333333,199,0.4493371,1697
1,f13390815535377204615d1c0,0.654487669467926,"[0.7177632, 0.99722654, 0.0014672279, 0.9838665, 0.9998053, 0.99999225, 0.06556782, 0.0006212294, 0.48210824, 0.14814931, 0.7804942, 0.05251643]",1312.8055438995361,127.88602828979492,0,0.18581593,66.33333333333333,199,0.0045829667,732
0,f16899431929398947991d0c0,0.6664018034934998,"[0.9988445, 0.00028845668, 0.999974, 0.0021043718, 3.3199787e-05, 6.711483e-05, 0.09146559, 0.99383694, 0.99989593, 0.99998796, 0.9999883, 0.00090685487]",462.757604598999,202.05210304260254,0,0.774429,66.66666666666667,200,0.7994217,1697
1,f16899431929398947991d1c0,0.6705329418182373,"[0.47387028, 0.96117413, 0.016555727, 0.61837155, 0.99969137, 0.9999509, 0.23594862, 0.0043585896, 0.039634526, 0.7533591, 0.41400126, 0.14542574]",1362.634557723999,140.18338012695312,0,0.14910387,66.66666666666667,200,0.000328456,3164
0,f9693252132423923200d0c0,0.6660512685775757,"[0.9936558, 0.0021097064, 0.9999864, 0.0049621165, 0.0014540553, 0.00063064694, 0.067560285, 0.86512685, 0.99891853, 0.9995492, 0.9993173, 0.004087895]",475.014856338501,201.73870277404785,0,0.82199246,67.0,201,0.60450536,1697
0,f9458656429494470922d0c0,0.6687379479408264,"[0.9972403, 0.0013198853, 0.9999516, 0.0032275617, 0.00014826655, 0.00031971931, 0.03521332, 0.9714067, 0.9991841, 0.99979526, 0.9995332, 0.006073177]",474.88317680358887,202.03491592407227,0,0.8242751,67.33333333333333,202,0.8497602,1697
0,f17931914803950307946d0c0,0.6723765134811401,"[0.99896276, 0.00049707294, 0.9998598, 0.0042753518, 0.00032258034, 0.002177298, 0.021743327, 0.97984606, 0.9997634, 0.9998975, 0.99982786, 0.0047357976]",474.52628326416016,202.11822319030762,0,0.8227919,67.66666666666667,203,0.89306915,1697
0,f12686444917426134069d0c0,0.6249978542327881,"[0.99302775, 0.012078643, 0.9997329, 0.004001051, 0.05829668, 0.042192608, 0.30001107, 0.9935628, 0.99906594, 0.9994512, 0.99298483, 0.013238758]",474.87864875793457,189.58207511901855,0,0.77619225,68.0,204,0.2915831,1697
0,f12722580897657082951d0c0,0.6157631874084473,"[0.9904179, 0.007615626, 0.9995709, 0.0061775446, 0.01144442, 0.09217441, 0.12458035, 0.9950119, 0.9996637, 0.99921584, 0.99440694, 0.013909936]",475.3138790130615,189.29755401611328,0,0.7761455,68.33333333333333,205,0.5416105,1697
0,f14661923598720848794d0c0,0.6725589632987976,"[0.9947889, 0.0041129887, 0.9997148, 0.004019052, 0.00094267726, 0.0017584562, 0.14302951, 0.96886295, 0.99905354, 0.99949753, 0.99842286, 0.006262839]",474.03629207611084,202.25164794921875,0,0.81553096,68.66666666666667,206,0.63590556,1697
0,f17584842010192316442d0c0,0.6556905508041382,"[0.9896355, 0.004281044, 0.9993974, 0.0016917884, 0.00018665195, 0.00138098, 0.023709476, 0.9969206, 0.99969935, 0.99941194, 0.99823284, 0.00915277]",474.73255825042725,202.1291675567627,0,0.7331644,69.0,207,0.89062476,1697
0,f13825373424084751949d0c0,0.6369094252586365,"[0.99588203, 0.00051501393, 0.9999081, 0.00024566054, 4.4703484e-06, 0.00015994906, 0.0002462566, 0.99442333, 0.9999244, 0.9999325, 0.99994016, 0.013466388]",474.2699775695801,214.62376403808594,0,0.7311161,69.33333333333333,208,0.9514946,1697
